	GA1	GA15	GA22	GA24	GA30	GA34	GA36	GA38	GA44	GA46	GA5	GA50	GA57	GA6	GA66	GA68	GA69	GA7	GA70	GA73	GA75	GA76	GA80	GB104	GB114	GB117	GB127	GB129	GB131	GB133	GB134	GB135	GB140	GB142	GB147	GB149	GB153	GB157	GB180	GB181	GB182	GB99	GCDF199	GCDF203	GCDF208	GCDF210	GCDF213	GCDF217	GCDF222	GCDF225	GCDF229	GCDF232	GCDF235	GCDF236	GCDF238	GCDF239	GCDF240	GCDF241	GCDF243	GCDF245	GCDF248	GCDF249	GCDF251	GCDF262	GCDF263	GCDF265	GCDF266	GCDF269	GCDF272	GCDF274	GCDF277	GCDF280	GCDF285
GA1	0	0.0496282089652136	0.0724206466528803	0.0229745872029549	0.0422792909949115	0.0967342249033126	0.0712848952736216	0.0761095692563539	0.0337958543589621	0.0529632729412329	0.0357981208297941	0.0681540066696177	0.0853813619475172	0.0391588993229424	0.0738302425603674	0.070180168789294	0.071522487816636	0.098466586942474	0.0431111853645004	0.101305553313307	0.0543126936512764	0.065246175109136	0.0814179055994809	0.0671790786313288	0.0930282720787959	0.043111185289242	0.0456091231017402	0.0711380972555189	0.101358172643666	0.0229745846655634	0.120367497074032	0.307136665992063	0.118137031191527	0.106224302033132	0.0655638381293175	0.0354219989644157	0.0639807394320014	0.118557312572845	0.0246725377410349	0.0439430794518704	0.0635306315327233	0.0246725378162933	0.0564303930209141	0.066041032623763	0.0706505352311363	0.0463006314115994	0.042696548569383	0.0944836295840114	0.114330835922649	0.0592715162595715	0.142330733927512	0.0915006244874964	0.055288094387512	0.0633456086495308	0.0618179689415477	0.480320727283304	0.0907987250824167	0.142142009930779	0.0813886927478392	0.0600231355338386	0.100626635184098	0.190500989575127	0.177969605276229	0.0687721484350135	0.136455979047701	0.0403373041613535	0.05209679054943	0.0776374731965438	0.0416046255315193	0.050179278496841	0.0577293524537424	0.0819752585105222	0.181612972584036
GA15	0.0496282089652136	0	0.0445089370313317	0.0276079987448574	0.00748704908171085	0.102615412550442	0.0363008358111285	0.0373811246168734	0.038440860883154	0.0559288814776775	0.0417227165942842	0.034638175834911	0.089554034060601	0.0437543236396529	0.0786589860652733	0.0349224796800902	0.0341076675539065	0.097735127735168	0.0083189435077436	0.0659845374298818	0.0583743116808961	0.0700464560415107	0.0486814162571623	0.0694897705406854	0.0557369201472311	0.00831894343248521	0.0501056216431387	0.0660210573537783	0.10513552665861	0.027607994699719	0.0842480900311711	0.310219970616427	0.114354098309772	0.066093860570379	0.065251589668068	0.0384408606573789	0.0305842461459564	0.144557637303616	0.027626235508407	0.00915083770800119	0.0291163018255523	0.0292717832319363	0.0592746989933228	0.0739220599408704	0.0332757732783905	0.0116465206098075	0.0500522714409262	0.0899542765221511	0.108507312476785	0.0630996038553992	0.145172359647624	0.0959210249247274	0.0595493533394553	0.0674104435049524	0.0585124914092247	0.491253542478638	0.093587107185011	0.165333751739577	0.0856112318696699	0.0643066555788421	0.117510788161496	0.217026867555699	0.203981492894165	0.0754382846444243	0.141131753101945	0.0433476512894185	0.0562454163275584	0.086640129053984	0.0475786920599263	0.054531239518764	0.0580898542145286	0.0787344786592505	0.184864591468464
GA22	0.0724206466528803	0.0445089370313317	0	0.0588719851779516	0.0391999419138889	0.12457933007843	0.0652025877074762	0.0641593748722414	0.0658450674152735	0.0766864406189533	0.0675063123456155	0.0643317730288313	0.117974041142698	0.074218733969963	0.102867499972233	0.0616714526155982	0.0588989888477807	0.120078193230761	0.0400318363399217	0.0815222954960785	0.0893775500319522	0.0966987692459364	0.0772961062764881	0.0972570476846562	0.0709457678174732	0.0400318362646633	0.0741388728522291	0.0873709819797013	0.119951769314481	0.0588719809634818	0.105493656086801	0.326069543457995	0.125244526474765	0.0838985855625284	0.0831506881260812	0.0658185605825198	0.0599744501664783	0.151731956524379	0.0600840366925254	0.0408637305401792	0.0511486344415732	0.0572446739545675	0.0831702041129271	0.0831632331164196	0.0586233771208561	0.0433009375225414	0.0784155329444794	0.111063530367583	0.133197283673317	0.0889793329053756	0.164266865926258	0.123748882212723	0.0852793084664477	0.0882011125372215	0.08129118207955	0.489351149159248	0.121503553325028	0.174480159851638	0.113231184469028	0.0851104848764159	0.135970471464474	0.216710027645935	0.210225037628352	0.0997237036512657	0.156783187724274	0.0671402864873108	0.086033084382764	0.105534012457638	0.0696019531613347	0.0844144905268243	0.0802894950929013	0.103607113764744	0.208898454772854
GA24	0.0229745872029549	0.0276079987448574	0.0588719851779516	0	0.0201209497948488	0.0781748259974868	0.0503254018046639	0.0565279923341792	0.0127346514636141	0.0322611119965262	0.0145933011125833	0.04710596237294	0.0649405500378156	0.0169227101885166	0.0613222259522588	0.049859893367146	0.0550605106835413	0.0787102836908001	0.0209528442020669	0.0850980309299146	0.0336881780018505	0.0442904974438242	0.0608975769331058	0.0453343187412851	0.0783535516961957	0.0209528441268085	0.026318276129808	0.052636548995817	0.0879786407896498	3.33905727085872e-09	0.105914490937133	0.294843420837865	0.103806628422304	0.0901167798373434	0.0436214417635287	0.0127346514636141	0.0429105592345951	0.122368458577913	0.00169795642233151	0.0217847384023245	0.0450777794714227	0.00169795642233151	0.0373549711710906	0.0483471070406554	0.0509010391930739	0.0242804212853162	0.0248965746884369	0.0798880778178075	0.0949871950537398	0.0369673803327739	0.124994712547895	0.0715383407011545	0.0333725519211274	0.0428273831426043	0.0399097101794673	0.48170005432283	0.0709764039410912	0.144106875724877	0.0663163519153992	0.0383486391480065	0.0938875091739985	0.198037701081158	0.184208076725566	0.0526822580898067	0.120844910556391	0.0195437116884258	0.0300952134379138	0.0660812148730516	0.0207157631501202	0.0282992802942668	0.0373338333108834	0.0641169041490334	0.164480289210057
GA30	0.0422792909949115	0.00748704908171085	0.0391999419138889	0.0201209497948488	0	0.0956760039458973	0.0305579617770031	0.0365492303413574	0.0325993602587418	0.0517329286896821	0.0343205362106815	0.0273850299794265	0.0825792213883063	0.0363831348867729	0.0796886462944024	0.0300231227895828	0.0349395615283889	0.0921775759997392	0.00083189442603275	0.0651978180188723	0.0526992290120835	0.0627805246698736	0.0415644028948413	0.0638198390264403	0.0582326031242958	0.00083189435077436	0.0459096685541098	0.0716983911891778	0.105700801136066	0.0201209460883731	0.0866145531486983	0.304948554195539	0.121461878370757	0.0701628028687955	0.0627092845135867	0.0325993598824499	0.0232242798865444	0.138020425018939	0.0217847346205904	0.00166378862629033	0.0249568302974556	0.0217847346205904	0.0567242941922612	0.0670621715711825	0.0307800903013258	0.00415947152809663	0.0442704356303721	0.0828919359529861	0.104107856280123	0.0558712589883744	0.140862821685997	0.0889403111668247	0.0522367101576593	0.0616863327044429	0.0591455733384749	0.487216750479708	0.0885180075173125	0.158943381894267	0.0842828050707326	0.0569950343495367	0.110546584965454	0.211136215770937	0.197762077805972	0.0712294332457311	0.137076197361404	0.0391831357558869	0.0490612067432717	0.083899449086701	0.0402085949676205	0.0473241574610725	0.0564860621787081	0.0825727490538901	0.178762053355876
GA34	0.0967342249033126	0.102615412550442	0.12457933007843	0.0781748259974868	0.0956760039458973	0	0.120091091465167	0.12248651521525	0.0867724314219121	0.101969527193543	0.0917182158151961	0.119410616505628	0.134695675619172	0.0929306914813516	0.127447825564881	0.118545521332911	0.122179440250902	0.139892961049095	0.0962868687706162	0.145218711572163	0.106477370090557	0.108940514105588	0.130065215168276	0.116192548037177	0.140496792234104	0.0964884274836743	0.0985522823728094	0.117136897594489	0.149644166344043	0.0781748235188048	0.159249940190953	0.267190125780274	0.156215781853958	0.14859741004278	0.114316989084461	0.0887143632792162	0.115251286388046	0.186624739281457	0.0794148746727392	0.0973008509085636	0.114411040576118	0.0798727766695348	0.10406604286923	0.116816752373871	0.118968506560031	0.0997770631290746	0.0994810342149	0.144299626181071	0.144129004310628	0.10168749098713	0.185576586240921	0.140409268514074	0.107423721389337	0.112044166848816	0.112073073013112	0.486188275645478	0.139732458412346	0.2041965481082	0.13746843630956	0.112215314831848	0.161108500465299	0.246156132732979	0.224706057355636	0.110653237985315	0.169528332021501	0.0930785357462938	0.105391031131148	0.124509305316917	0.0952723444524136	0.102852244137062	0.106954248979537	0.13048851760951	0.214036179085573
GA36	0.0712848952736216	0.0363008358111285	0.0652025877074762	0.0503254018046639	0.0305579617770031	0.120091091465167	0	0.0540171629100135	0.062723426261183	0.0718175206107624	0.0626204752861851	0.0503830180475206	0.109786218596679	0.0659414847767112	0.101236682592167	0.050053732187459	0.0537686859718477	0.119500802923935	0.0313898562030359	0.0799317352022186	0.0752993073276799	0.0899789706248828	0.0654957274826375	0.0908648498883151	0.0700007789965832	0.0297260674262288	0.0644236859686748	0.0804086806572447	0.118663584794661	0.0503253986249969	0.105243814337735	0.317426180899745	0.124800699151526	0.0801740414415947	0.0811133031742741	0.0580171147982279	0.0527183853767135	0.16280834794496	0.0519891871572143	0.0322217504032935	0.0436251810704819	0.0518284140324051	0.0719526294016778	0.0862768413781217	0.0460404774004763	0.0330517140753341	0.0718151560674111	0.110114983292391	0.123263136022771	0.0784668800317579	0.161876709078147	0.11590667129165	0.0792918186446633	0.0872532526840164	0.0805202785766486	0.496134785389659	0.115204865865485	0.182837260623622	0.105869057127322	0.0854052186689594	0.136824920171439	0.233130965852226	0.212102329207942	0.0952298554281394	0.160359038905513	0.0629680535257465	0.0779180207637825	0.108261205688721	0.0682467594178337	0.0760739801282233	0.0785692526836588	0.100908838513524	0.192041741082012
GA38	0.0761095692563539	0.0373811246168734	0.0641593748722414	0.0565279923341792	0.0365492303413574	0.12248651521525	0.0540171629100135	0	0.0643918145673745	0.057313015797373	0.0642231657837677	0.0592858324749301	0.116418416715331	0.0718658773059195	0.0929039070062866	0.0594679003186298	0.046980244944794	0.120674908782045	0.0373811247673902	0.0604161240085207	0.0816657135658192	0.0974069428865356	0.0769488722311728	0.094274284807269	0.0518552132628181	0.0373811246921318	0.0658612318826143	0.070915514377482	0.104999133903119	0.0565279878374904	0.0877903003734772	0.322254137258337	0.100158992007074	0.0609386921719168	0.0748405085142815	0.0609978895371008	0.0571025004516346	0.167291240315094	0.0565462286461784	0.0348854417150671	0.0469802456221195	0.0565462284015887	0.0639499293245149	0.0846658984594273	0.0463724925813049	0.0390449131679053	0.0705541578319037	0.11644965854257	0.126632507777575	0.0820878412235867	0.162511193466307	0.1223769199216	0.0867932247505947	0.0897564411238588	0.0692814224860584	0.500102450751295	0.117565456156929	0.189352141636791	0.101963471451944	0.0918512069479083	0.143232024284174	0.239241862218037	0.225859099415818	0.090451348685857	0.154175809443449	0.0648307534630853	0.0843391378758231	0.112766283987598	0.0712254421992434	0.0825859009655136	0.0770517286063746	0.0892371992684073	0.207558573383575
GA44	0.0337958543589621	0.038440860883154	0.0658450674152735	0.0127346514636141	0.0325993602587418	0.0867724314219121	0.062723426261183	0.0643918145673745	0	0.034808039439447	0.0239320401139934	0.0571947133526056	0.0767959789420017	0.0293581440640294	0.0635221793946594	0.0563016812872104	0.0543745378352175	0.090151805882201	0.0334312546283308	0.0827656587905655	0.0429379657813997	0.056632410988889	0.071193695181247	0.0573552236563028	0.0710853862792555	0.0334312545530724	0.0322611093370601	0.0500896174949829	0.0833871957629618	0.0127346485552162	0.105620993508233	0.302828789961458	0.0917017882445244	0.0846350605439658	0.046171220753229	0.0203754376582425	0.0551771651953459	0.133734174298518	0.0144326016306877	0.0342631487157008	0.0526195453724476	0.0144326017059461	0.0415998518165916	0.0523076703903651	0.0502150667398566	0.0351132839127924	0.0341122580522841	0.0903157804048423	0.100211113503184	0.0495425165546211	0.129360446951004	0.0833663749273377	0.0451721664932039	0.0503587673484075	0.0440991102256859	0.487903656682583	0.0822006178398927	0.154998286053388	0.0742891596046963	0.0507792126048695	0.104484707342856	0.207863224820808	0.194856059276546	0.0582628279849134	0.121038885975275	0.0304822553739403	0.0425890314985405	0.0768994134145253	0.0307613202568256	0.0408397605924895	0.0406352995019971	0.0599718416730563	0.174079327119721
GA46	0.0529632729412329	0.0559288814776775	0.0766864406189533	0.0322611119965262	0.0517329286896821	0.101969527193543	0.0718175206107624	0.057313015797373	0.034808039439447	0	0.0348215227325757	0.0733134914754015	0.0950991033830426	0.0485818822247287	0.0635473762046207	0.074359066916084	0.0685714623994297	0.105021284065313	0.0525648230592711	0.0808199248982198	0.06168853852785	0.0734505835412578	0.0912487652115147	0.0683340085576279	0.0688268333635848	0.0525648229840127	0.0382039456656485	0.0492406407691012	0.0776640986553346	0.0322611097886105	0.105792937837917	0.316645962722374	0.0731486681886394	0.0776164699722119	0.0437949910346005	0.0314121331379871	0.0740142069343064	0.146382547576319	0.033959062864082	0.0501056217372116	0.0552976352698875	0.0339590629393404	0.0373549690902835	0.0608771809122779	0.0561842522913157	0.0509557566332697	0.0446363016398567	0.10797640952197	0.115291174331849	0.0555149632120373	0.137170571269411	0.0999802238862924	0.0642736356216248	0.0554668386701984	0.0467421601930953	0.497287028365665	0.097233341893915	0.171824202806962	0.0816117648336321	0.0694542739427451	0.12072925581926	0.223892525986138	0.210877012969418	0.0660496779124845	0.127806297211786	0.0372123470285324	0.0616370622407306	0.0936477978083521	0.0471137789162722	0.0597351853067827	0.0455439970875629	0.0627184155764002	0.190577200453992
GA5	0.0357981208297941	0.0417227165942842	0.0675063123456155	0.0145933011125833	0.0343205362106815	0.0917182158151961	0.0626204752861851	0.0642231657837677	0.0239320401139934	0.0348215227325757	0	0.0608468536438063	0.0762047773659831	0.0311954064868541	0.065611191545472	0.0637260754639753	0.0592170725341397	0.0919220464285275	0.0351524305802704	0.0858521086135597	0.0460941718910078	0.0580684986398226	0.0744385441784004	0.0575123604650449	0.0791624378638737	0.0351241410832212	0.0356999415565621	0.0584750959292205	0.0907123460989408	0.0145932978602371	0.108970173173631	0.302964308346161	0.0996494097164785	0.0940924430397725	0.05119986020292	0.0238437122768826	0.0566915813833475	0.131502849586082	0.0162618083107953	0.0359843246676404	0.0509364681337217	0.0162618084989413	0.0449797987486377	0.0569192765638082	0.0550858905407214	0.0384800075882613	0.0341957388727954	0.0929533938943136	0.104577905244448	0.0469574059707799	0.127084526938922	0.0848868880609069	0.0475260602178598	0.0551775744316554	0.047409988525841	0.48630441258652	0.0809632327144194	0.155925868888094	0.0795389748827526	0.0522699447894337	0.105895828606203	0.208636513262084	0.195408573505854	0.060993807917141	0.12735497462328	0.0314206545325843	0.0442243950686069	0.0779612341500593	0.0350150762107035	0.0422566799503384	0.0447483653522501	0.0713808524111907	0.175724663216658
GA50	0.0681540066696177	0.034638175834911	0.0643317730288313	0.04710596237294	0.0273850299794265	0.119410616505628	0.0503830180475206	0.0592858324749301	0.0571947133526056	0.0733134914754015	0.0608468536438063	0	0.106810702048618	0.0625377941048808	0.10198579088907	0.0513945851437371	0.0588720864569298	0.11180041771796	0.0282169244054592	0.0798873522441195	0.0778960820964791	0.0880566619788155	0.0670574529830253	0.0892182717833555	0.0760282792075716	0.0282169243302008	0.0684662169090124	0.0883402804270236	0.120226521308374	0.0471059588169811	0.102242920133803	0.320295987707196	0.131802567214978	0.083310360484051	0.0822854544967413	0.0569184075928096	0.0498360159872758	0.159924130040136	0.0487697473491984	0.0289903426862726	0.0487219035023391	0.0487112714861981	0.0772844400971827	0.0798149092518019	0.0513385783391769	0.0277611346106337	0.0684268289631364	0.102759792761068	0.119989093355458	0.081159593669152	0.144060062037574	0.112886340366771	0.075451383592956	0.0853006261391471	0.0778798369897736	0.485313288792215	0.109413140312289	0.170491098134656	0.0993153343748565	0.0583254873865482	0.133818512349719	0.214933001539773	0.193836937385677	0.0834299030741959	0.153940395856596	0.0603401264871913	0.0744726077625246	0.106367958728412	0.0609161119268398	0.0730726188707231	0.0816694420734138	0.10171102335432	0.197436256522332
GA57	0.0853813619475172	0.089554034060601	0.117974041142698	0.0649405500378156	0.0825792213883063	0.134695675619172	0.109786218596679	0.116418416715331	0.0767959789420017	0.0950991033830426	0.0762047773659831	0.106810702048618	0	0.0648678468512089	0.1203107600185	0.0908941924760137	0.115204069537647	0.125220369876861	0.0833277513432984	0.142833044583147	0.0945618257980154	0.104126789710588	0.11887107480957	0.105159029289327	0.137048885019289	0.0833796783905439	0.0892913888650711	0.11380700593946	0.139220704860759	0.0649405483796139	0.161474572588699	0.328064130713241	0.160786450661794	0.147638868879188	0.105286897950326	0.077015950222208	0.102759920060635	0.173367324463948	0.0664652112608004	0.0841037019184141	0.105927723732711	0.0664936721776471	0.100054850068056	0.108956295996904	0.111476384799438	0.0864257249943536	0.0871823720558725	0.134770574142235	0.148978690607379	0.0943524247844412	0.168615982764297	0.128151988591811	0.0941603392964662	0.10253717185873	0.10199711778474	0.484677897559272	0.089163861322132	0.147304083088959	0.114108388481492	0.0988061055541039	0.13158155765121	0.239513531590652	0.227909714284569	0.112768364148309	0.173955014295349	0.07593344746515	0.0691182389479093	0.123087158332569	0.0835144423098877	0.0896803568107913	0.0857325906705375	0.123817090020336	0.185839267010151
GA6	0.0391588993229424	0.0437543236396529	0.074218733969963	0.0169227101885166	0.0363831348867729	0.0929306914813516	0.0659414847767112	0.0718658773059195	0.0293581440640294	0.0485818822247287	0.0311954064868541	0.0625377941048808	0.0648678468512089	0	0.0770062384468437	0.0602185296440365	0.0707888545449635	0.0908164949288046	0.0372089048226674	0.100050368092277	0.0493263291486661	0.0600826471028003	0.076149009638513	0.0609366156142017	0.0934803416256351	0.0371787694442754	0.0428843065823494	0.0686549892827793	0.102810036169948	0.0169227068886311	0.120116351134699	0.303375302541136	0.118419386596993	0.104866217765393	0.059583675351483	0.0294595223597505	0.0585843681574169	0.135751594483589	0.0185972210584265	0.0380244121482276	0.0606962012296373	0.0186025628989393	0.0533427842657524	0.064085115871458	0.066392612521245	0.040458822773412	0.0410418205828679	0.094591287910148	0.109714236500852	0.0508335206629426	0.136893264290811	0.0861208928899482	0.0490584769944726	0.0587902910433559	0.0560072774791883	0.484071027750921	0.0765483575647302	0.142090499495166	0.0765382753910892	0.0540994450854457	0.103393227134765	0.208992069718814	0.19552169475855	0.0677817460300043	0.13406312877237	0.0322187243669172	0.0402015823908526	0.0812026200430336	0.0368191981782215	0.0443138194063471	0.0488258757760203	0.0793779235935271	0.169373471115838
GA66	0.0738302425603674	0.0786589860652733	0.102867499972233	0.0613222259522588	0.0796886462944024	0.127447825564881	0.101236682592167	0.0929039070062866	0.0635221793946594	0.0635473762046207	0.065611191545472	0.10198579088907	0.1203107600185	0.0770062384468437	0	0.100377921297243	0.0870796609293632	0.12849908130187	0.0788749926770576	0.0996079580538502	0.0837047787176238	0.100099038342108	0.117367792818131	0.0986554022088195	0.0920659721913663	0.0805205405887329	0.0638718734485934	0.0760798658987488	0.10575980218974	0.06132222335748	0.130606301618044	0.32963166062278	0.101401148420392	0.106079239003134	0.0795642679670092	0.0620920588873854	0.100526215169917	0.14999947143775	0.0630201764329515	0.0780613393419319	0.0827055371394663	0.0612675943458923	0.0737525011704426	0.0909461416680403	0.0860286561038458	0.0816998089466131	0.0653175119536393	0.130920473674331	0.136871668463103	0.0796621308821921	0.154895802357733	0.127153705767911	0.0905984359407666	0.0825360693188027	0.0723524934075999	0.494003198363564	0.119874290501078	0.176392553468244	0.105378495708033	0.0954753144672423	0.127412083210668	0.230873768170825	0.209263839749525	0.0927965759929985	0.147179675937602	0.0693987659884222	0.0893934866921468	0.102879541352241	0.0747722723718846	0.0873755569184067	0.0713006655751455	0.0879363594482643	0.21074135018268
GA68	0.070180168789294	0.0349224796800902	0.0616714526155982	0.049859893367146	0.0300231227895828	0.118545521332911	0.050053732187459	0.0594679003186298	0.0563016812872104	0.074359066916084	0.0637260754639753	0.0513945851437371	0.0908941924760137	0.0602185296440365	0.100377921297243	0	0.0470911276084606	0.114906465540631	0.030823579904708	0.0726250669721401	0.0762905076973968	0.0900897203634183	0.0685316199305082	0.08878814135537	0.0691773303304658	0.0308550171403572	0.0646715262396769	0.0784736742839368	0.116011157462543	0.0498598893784513	0.102701698476919	0.323005942684231	0.118936271604263	0.0727576944939416	0.0810276092491066	0.0588585837283219	0.0523553125635542	0.160556248680811	0.0498781300742518	0.0316554741049656	0.0454541708559099	0.0514922406373903	0.0728311162780632	0.0877264057182603	0.0495239355874182	0.0308235797541912	0.0684354635839811	0.109321829006828	0.121335074964045	0.0828006766887024	0.157249430589604	0.115472447371694	0.0785054224119945	0.081206926379842	0.0783872895808232	0.496609128183789	0.0991442532589038	0.16108432553257	0.099144535891787	0.0852015458348424	0.130665183782276	0.232311775663284	0.219888205894015	0.0893585215689558	0.152933094405917	0.0599214948638521	0.0655376751427398	0.106667620233364	0.0657218940029241	0.0758984433016693	0.0676728114297595	0.0951783614929276	0.188937081193382
GA69	0.071522487816636	0.0341076675539065	0.0588989888477807	0.0550605106835413	0.0349395615283889	0.122179440250902	0.0537686859718477	0.046980244944794	0.0543745378352175	0.0685714623994297	0.0592170725341397	0.0588720864569298	0.115204069537647	0.0707888545449635	0.0870796609293632	0.0470911276084606	0	0.123964311047034	0.0357714559544217	0.0553992514808973	0.0805454915859783	0.096207742569874	0.072119918059219	0.0927933399763071	0.0366033506062296	0.0341076671776145	0.0611026546908448	0.0622081606451309	0.0918625962327827	0.0550605059234482	0.0810100479107915	0.328832274434542	0.0886328148119377	0.0605435283440683	0.0778439184932998	0.0626022763211619	0.0574437056978544	0.165775661535486	0.0534331988957193	0.0366033501546792	0.0349395617541641	0.0567242944556655	0.0702717325866523	0.081012851191741	0.0424266107606165	0.0374352443549368	0.067435208049537	0.114001296441814	0.122403893168225	0.0798959616534036	0.153291021577186	0.121456674102581	0.0845679135033579	0.0828183879981739	0.0693855139831401	0.504981451865399	0.11862795523396	0.189426845616915	0.106102082859537	0.0905311746202936	0.140805050542559	0.238828061261412	0.226335454995584	0.0859869190237739	0.144173803372365	0.0600117000591273	0.0829864038587219	0.111026347285569	0.0652728383288239	0.0813771569254723	0.068780156228729	0.0899054117387894	0.208423970003772
GA7	0.098466586942474	0.097735127735168	0.120078193230761	0.0787102836908001	0.0921775759997392	0.139892961049095	0.119500802923935	0.120674908782045	0.090151805882201	0.105021284065313	0.0919220464285275	0.11180041771796	0.125220369876861	0.0908164949288046	0.12849908130187	0.114906465540631	0.123964311047034	0	0.0930094703693281	0.143402170766183	0.108164396776695	0.104530428028242	0.127825147086623	0.117537161147203	0.140492683539938	0.0930094702940698	0.0989216802209014	0.121379649247786	0.151253790980337	0.07871028182633	0.159389913289083	0.336274512187399	0.160736765411466	0.147181142479031	0.111491853060822	0.0883466186509891	0.112005943695855	0.183999764177986	0.0803676969700992	0.0936725775175022	0.112579493341271	0.0794955470571012	0.106045932556042	0.11083779346687	0.118814802662742	0.0959749655290083	0.0984829946637455	0.142766602487877	0.157379568789643	0.104637297933376	0.17874836075035	0.140282274327344	0.104443994190807	0.113457875646124	0.108423220144227	0.487955474191242	0.130899467533737	0.187125540517195	0.129594008626435	0.101220786157582	0.153918828269598	0.205707936124368	0.213880626522381	0.11915066369781	0.178315991140676	0.0947390322883924	0.0883625848218799	0.130435203409029	0.0922546628110035	0.103308694324259	0.10158129062767	0.131854777139696	0.215075328475749
GA70	0.0431111853645004	0.0083189435077436	0.0400318363399217	0.0209528442020669	0.00083189442603275	0.0962868687706162	0.0313898562030359	0.0373811247673902	0.0334312546283308	0.0525648230592711	0.0351524305802704	0.0282169244054592	0.0833277513432984	0.0372089048226674	0.0788749926770576	0.030823579904708	0.0357714559544217	0.0930094703693281	0	0.0643659235928396	0.0518855753947388	0.0619668710525289	0.042396297320874	0.0645945435483949	0.0574007086982631	0.00166378877680711	0.0467415629236987	0.0708847375718331	0.104887147518721	0.020952840457962	0.0874464475747311	0.305565109758666	0.120702000203157	0.0693488804472968	0.0635411788831757	0.0334312542520388	0.024013813208751	0.138852319388528	0.0226166289901794	0.00249568305232308	0.0241249358714229	0.0226166289901794	0.0575561885618501	0.0678940659407714	0.0316119847273586	0.00499136595412938	0.045102329999961	0.0837238303225751	0.104804245341155	0.0566115688457332	0.141220874463518	0.0897106075038513	0.0529654192352536	0.062432274222374	0.0599774677080639	0.487749297510494	0.0893030362109644	0.159682587410013	0.0850752491993133	0.0578269287191256	0.111306506481887	0.211766828397157	0.198390798135237	0.0720613276153201	0.137462178452147	0.0399835927581245	0.0497955317524346	0.0833048469979655	0.0393949413502758	0.048109390707028	0.057317956548297	0.083404643423479	0.179437455410759
GA73	0.101305553313307	0.0659845374298818	0.0815222954960785	0.0850980309299146	0.0651978180188723	0.145218711572163	0.0799317352022186	0.0604161240085207	0.0827656587905655	0.0808199248982198	0.0858521086135597	0.0798873522441195	0.142833044583147	0.100050368092277	0.0996079580538502	0.0726250669721401	0.0553992514808973	0.143402170766183	0.0643659235928396	0	0.105212968068592	0.122108346434555	0.100758870480338	0.118278403681788	0.0381041305007959	0.0660297123696467	0.0752208364017383	0.0698779736165747	0.102464824519826	0.0850980256618273	0.0849047265194281	0.347136516462673	0.0808204512553986	0.05028438415717	0.0852846849258199	0.08463537841659	0.0850555254804968	0.191826207243433	0.0834707186340985	0.0668616066451627	0.057427904709722	0.083560217096649	0.0793185975929402	0.0959968572162619	0.057758254836304	0.0627484651602278	0.0921871672864213	0.140228090356245	0.147521715197298	0.107774096399997	0.17047465114732	0.147073864372391	0.112697099608303	0.100103696714146	0.0783139069498789	0.516251887937989	0.138955097664336	0.213435133937934	0.128519449721683	0.118962276708147	0.165858475058669	0.262360213606647	0.249765606766397	0.103995545437992	0.161967105843654	0.0867644117561856	0.111676551232284	0.132588232161872	0.0926947929905822	0.110431233251637	0.089139227764775	0.0959957051796444	0.232028200695611
GA75	0.0543126936512764	0.0583743116808961	0.0893775500319522	0.0336881780018505	0.0526992290120835	0.106477370090557	0.0752993073276799	0.0816657135658192	0.0429379657813997	0.06168853852785	0.0460941718910078	0.0778960820964791	0.0945618257980154	0.0493263291486661	0.0837047787176238	0.0762905076973968	0.0805454915859783	0.108164396776695	0.0518855753947388	0.105212968068592	0	0.0724162757302625	0.0859841302300643	0.0766598014066918	0.0970839960594671	0.053447914225134	0.052779748207993	0.0756947118977104	0.112747877685711	0.0336881757083565	0.124536321018681	0.307276467482249	0.117252047578193	0.105536119560852	0.0699055211693801	0.0459904040050025	0.0743468876815203	0.149539718385598	0.0352996447020107	0.0527174696326256	0.0726243538236377	0.0353861288590865	0.0605020856465956	0.0781385102356323	0.0762314538875914	0.0567754913648271	0.0574254033842472	0.109767568363535	0.122372720898552	0.0688275374622658	0.150308094768211	0.101048097164944	0.0656702933136863	0.070103483556798	0.0678891259988751	0.489477879170216	0.100191297479952	0.170524285936897	0.0954757617278533	0.0699203044477135	0.121889309750663	0.221342087563391	0.190777759434599	0.0785131991624531	0.142053188586777	0.0510072220455516	0.0620231127197092	0.0928410292424337	0.0500748857404246	0.0602772455248568	0.0620126111263579	0.0878718155953619	0.179754897763934
GA76	0.065246175109136	0.0700464560415107	0.0966987692459364	0.0442904974438242	0.0627805246698736	0.108940514105588	0.0899789706248828	0.0974069428865356	0.056632410988889	0.0734505835412578	0.0580684986398226	0.0880566619788155	0.104126789710588	0.0600826471028003	0.100099038342108	0.0900897203634183	0.096207742569874	0.104530428028242	0.0619668710525289	0.122108346434555	0.0724162757302625	0	0.100490875862012	0.0825753868134184	0.115657735521896	0.0636020918386151	0.0694517873491001	0.0899032989441596	0.12392031787095	0.0442904948228688	0.140564028813381	0.318164676728875	0.132520999806472	0.116067685807745	0.0751250273374032	0.053388964629384	0.0840208378592224	0.157550577262435	0.045937661316735	0.0643266980921981	0.0851326834861979	0.0459471775143586	0.0780688490662159	0.0897986498670747	0.0909170899163894	0.0668614043882399	0.0648092228185498	0.0996643886101818	0.124325210915295	0.0700808656989888	0.158370260469089	0.110519032897145	0.0754749166468779	0.083911910295637	0.0810941814379108	0.486075786930142	0.109560960856727	0.169243663963344	0.0947430913167244	0.0797504630090311	0.130863047270763	0.22104101537755	0.200578441241323	0.0873721179110233	0.150339032231708	0.0613998968078934	0.0718911764202545	0.0963231662871561	0.0621055628389421	0.070020163253025	0.0786029804178109	0.105298084601986	0.195338167438302
GA80	0.0814179055994809	0.0486814162571623	0.0772961062764881	0.0608975769331058	0.0415644028948413	0.130065215168276	0.0654957274826375	0.0769488722311728	0.071193695181247	0.0912487652115147	0.0744385441784004	0.0670574529830253	0.11887107480957	0.076149009638513	0.117367792818131	0.0685316199305082	0.072119918059219	0.127825147086623	0.042396297320874	0.100758870480338	0.0859841302300643	0.100490875862012	0	0.101719860702452	0.0927098654210567	0.0422728546716348	0.0839242821916787	0.107552805576812	0.139403362410388	0.0608975740921016	0.118168322388271	0.323612130952604	0.153010603040457	0.103643722992127	0.0988643878713401	0.0728794759835559	0.0626143669013423	0.171053530949384	0.0625613626243189	0.0431047490224092	0.0658059757240493	0.0625613626243189	0.0929373550708547	0.105199317570136	0.068626682415153	0.0455916429484131	0.0835651879697436	0.119446551295543	0.139745879184568	0.0942432509377749	0.172971830073029	0.1246810715194	0.0902924069175215	0.0987193455750292	0.0965967743535234	0.497954330360047	0.124030663471932	0.189807980368384	0.121059701956733	0.0946978398721025	0.14516707558674	0.238819784644728	0.218471118747586	0.107141447526337	0.170022852944605	0.0777065076987551	0.0878838116510047	0.120937337873108	0.0789520424611942	0.0860410158080284	0.093611930318252	0.115731182837426	0.203065256898602
GB104	0.0671790786313288	0.0694897705406854	0.0972570476846562	0.0453343187412851	0.0638198390264403	0.116192548037177	0.0908648498883151	0.094274284807269	0.0573552236563028	0.0683340085576279	0.0575123604650449	0.0892182717833555	0.105159029289327	0.0609366156142017	0.0986554022088195	0.08878814135537	0.0927933399763071	0.117537161147203	0.0645945435483949	0.118278403681788	0.0766598014066918	0.0825753868134184	0.101719860702452	0	0.113576906648549	0.0646517333207708	0.0690629826952713	0.0878172678628353	0.120841651176563	0.0453343174674294	0.138881269221505	0.319081841996222	0.133410646533123	0.119827498898211	0.0821120823836989	0.0560146641701159	0.0845483496333614	0.156692544543984	0.0469727921064454	0.0653692480703496	0.0846828890569282	0.0469727921064454	0.0779264192990582	0.0876479959397605	0.0873253800050177	0.0664461156673203	0.0654408415459623	0.112627577412911	0.133537632309728	0.0795669120106131	0.159032183313611	0.111241448407221	0.0759216490568537	0.0807652353788867	0.0790562740893978	0.495657813368422	0.110876692628319	0.178197382826998	0.103508534389689	0.0808575315156368	0.131854888616186	0.22905548558467	0.215828045525334	0.0906294299609432	0.154561583667693	0.0640635104718232	0.0727800106761431	0.106459682035928	0.0649269394802325	0.0715923663416896	0.0777795428428987	0.0997210351204631	0.197143874686174
GB114	0.0930282720787959	0.0557369201472311	0.0709457678174732	0.0783535516961957	0.0582326031242958	0.140496792234104	0.0700007789965832	0.0518552132628181	0.0710853862792555	0.0688268333635848	0.0791624378638737	0.0760282792075716	0.137048885019289	0.0934803416256351	0.0920659721913663	0.0691773303304658	0.0366033506062296	0.140492683539938	0.0574007086982631	0.0381041305007959	0.0970839960594671	0.115657735521896	0.0927098654210567	0.113576906648549	0	0.0574007087735215	0.0662946690701776	0.0591724353908288	0.0951950178679192	0.0783535457319683	0.0791832626317487	0.344317966639394	0.0668722487835571	0.0392823652223204	0.0749501942873302	0.0760220299578375	0.0784799047190734	0.187880459589639	0.0783717865406564	0.0582326030490374	0.0432585048856157	0.0767262387230541	0.0622993644251667	0.0968626364689283	0.0490817656420698	0.0540731315961992	0.090095705964198	0.134201884589563	0.135810594874048	0.10024561588135	0.168609352744739	0.141745023184804	0.106490526103763	0.0942058585621793	0.0696948596624413	0.51711068580849	0.13759452405602	0.209367865941139	0.118613371475026	0.112888601542723	0.160345287767775	0.257800310850143	0.245769845679252	0.100806812482952	0.15143380114677	0.0782109098226735	0.105553082068159	0.126929376048572	0.0838470646754058	0.104156924900834	0.0787240102736637	0.0793143492003884	0.226341510680739
GB117	0.043111185289242	0.00831894343248521	0.0400318362646633	0.0209528441268085	0.00083189435077436	0.0964884274836743	0.0297260674262288	0.0373811246921318	0.0334312545530724	0.0525648229840127	0.0351241410832212	0.0282169243302008	0.0833796783905439	0.0371787694442754	0.0805205405887329	0.0308550171403572	0.0341076671776145	0.0930094702940698	0.00166378877680711	0.0660297123696467	0.053447914225134	0.0636020918386151	0.0422728546716348	0.0646517333207708	0.0574007087735215	0	0.0467415628484403	0.0708847376470915	0.10488714759398	0.0209528403827036	0.0874464474994727	0.305518845717112	0.120702000090269	0.0693488804472968	0.0635411788079173	0.0334312541767804	0.0240561742373187	0.138722512795769	0.022616628914921	0.00249568297706469	0.0241249359466813	0.022616628914921	0.0559106406501748	0.0674423330058955	0.0299481959505515	0.00499136587887099	0.0451023299247026	0.0837238302473167	0.103294202738037	0.0550785656040064	0.140049168143911	0.0896939595201702	0.0529654192352536	0.0608726791623566	0.0599597031720961	0.487669313495809	0.0893030362109644	0.159743838896505	0.085102671588009	0.0577684528561253	0.111247976301144	0.211750266433816	0.198390797834204	0.0716060612990399	0.137765571587917	0.0400150300502175	0.0498616637455093	0.084711872624478	0.0409820134742091	0.0481093906317696	0.0556724086366218	0.0834046433482206	0.179383182220838
GB127	0.0456091231017402	0.0501056216431387	0.0741388728522291	0.026318276129808	0.0459096685541098	0.0985522823728094	0.0644236859686748	0.0658612318826143	0.0322611093370601	0.0382039456656485	0.0356999415565621	0.0684662169090124	0.0892913888650711	0.0428843065823494	0.0638718734485934	0.0646715262396769	0.0611026546908448	0.0989216802209014	0.0467415629236987	0.0752208364017383	0.052779748207993	0.0694517873491001	0.0839242821916787	0.0690629826952713	0.0662946690701776	0.0467415628484403	0	0.0500896177207581	0.0834232188685976	0.0263182733847637	0.108204289123115	0.312291822048149	0.0787479722439641	0.0750664520745326	0.0478817463165732	0.030563156336847	0.066544765399562	0.143650641834194	0.0263182734600221	0.0459279091746518	0.0560565670256061	0.0263182733847637	0.0449957580427931	0.0542275268170569	0.0569431838400737	0.0484235922269749	0.0476148074887919	0.103274722329595	0.111611378463832	0.0545284227947846	0.135091224214946	0.0959356015529295	0.0569217745402847	0.0579103159181999	0.0391198645411718	0.495050311991663	0.092329650966808	0.166226568584791	0.0821221012885522	0.0635114373883816	0.116846161847464	0.21930507271353	0.205619245635891	0.0659407576301483	0.127776054251525	0.0356088308899692	0.0557650232480632	0.0862138233514446	0.0441625023430044	0.0540350554416878	0.0446697277101603	0.0649542936471978	0.185545689416955
GB129	0.0711380972555189	0.0660210573537783	0.0873709819797013	0.052636548995817	0.0716983911891778	0.117136897594489	0.0804086806572447	0.070915514377482	0.0500896174949829	0.0492406407691012	0.0584750959292205	0.0883402804270236	0.11380700593946	0.0686549892827793	0.0760798658987488	0.0784736742839368	0.0622081606451309	0.121379649247786	0.0708847375718331	0.0698779736165747	0.0756947118977104	0.0899032989441596	0.107552805576812	0.0878172678628353	0.0591724353908288	0.0708847376470915	0.0500896177207581	0	0.0752943574328615	0.0526365471458194	0.105011993153679	0.33013762518613	0.0534602956413621	0.0633069501644132	0.0538670293271843	0.046693711193523	0.0902643310414119	0.16314104410133	0.0509385940703479	0.0717166320731242	0.0538709763475139	0.0526365471458194	0.0492406409948763	0.0689807562816023	0.0646308797289326	0.0692756713151631	0.0631083699338364	0.127699461436332	0.124757748266513	0.0770398613460588	0.151794083153058	0.120474439979804	0.084021370669808	0.0723572985993491	0.0467445957427374	0.508290990133478	0.11447677003088	0.1888780943071	0.0918087416770633	0.089039125075244	0.137814105535396	0.240144975107126	0.226857872999678	0.0744822426614436	0.133284484986404	0.0533064737389184	0.0809027861540366	0.10352140610492	0.0599281717129428	0.0792854218320413	0.0579299019517923	0.0657974778100698	0.208401915438548
GB131	0.101358172643666	0.10513552665861	0.119951769314481	0.0879786407896498	0.105700801136066	0.149644166344043	0.118663584794661	0.104999133903119	0.0833871957629618	0.0776640986553346	0.0907123460989408	0.120226521308374	0.139220704860759	0.102810036169948	0.10575980218974	0.116011157462543	0.0918625962327827	0.151253790980337	0.104887147518721	0.102464824519826	0.112747877685711	0.12392031787095	0.139403362410388	0.120841651176563	0.0951950178679192	0.10488714759398	0.0834232188685976	0.0752943574328615	0	0.0879786395364338	0.137029495372465	0.34822765925918	0.0909234614233778	0.102759680362663	0.0907780073037503	0.0857547316888366	0.12474639864281	0.170794197367598	0.0865310585559017	0.105719042020013	0.100550301429449	0.0895516985293591	0.0807485009233157	0.101277404662335	0.100461827591062	0.101632533538522	0.0938941985180583	0.153285533227403	0.14889448990274	0.109584923128061	0.171396141702479	0.149572903309206	0.115917184211389	0.10532805218239	0.0869420413116012	0.505386738765119	0.144941421959436	0.19954470006956	0.124561862399181	0.122380445250357	0.157462640618435	0.247534804873996	0.236197084075574	0.112969288038033	0.159130557995252	0.0848580227807315	0.114376960717367	0.128179106898982	0.0990906785232852	0.113122856564293	0.0942897947900223	0.0953399972482161	0.233831389835387
GB133	0.0229745846655634	0.027607994699719	0.0588719809634818	3.33905727085872e-09	0.0201209460883731	0.0781748235188048	0.0503253986249969	0.0565279878374904	0.0127346485552162	0.0322611097886105	0.0145932978602371	0.0471059588169811	0.0649405483796139	0.0169227068886311	0.06132222335748	0.0498598893784513	0.0550605059234482	0.07871028182633	0.020952840457962	0.0850980256618273	0.0336881757083565	0.0442904948228688	0.0608975740921016	0.0453343174674294	0.0783535457319683	0.0209528403827036	0.0263182733847637	0.0526365471458194	0.0879786395364338	0	0.105914486891995	0.294843421138898	0.103806627594461	0.0901167741177058	0.0436214397877756	0.0127346485552162	0.0429105555657486	0.12236845805639	0.00169795307547155	0.021784734545332	0.0450777748618463	0.00169795315072994	0.0373549690150251	0.0483471045289377	0.0509010346775705	0.0242804174659529	0.0248965719206767	0.0798880750445103	0.0949871929531748	0.0369673773194804	0.124994709147046	0.0715383390585582	0.033372548493472	0.0428273806517774	0.0399097076080965	0.481700055225931	0.0709764018391419	0.144106873358139	0.0663163486886958	0.0383486355645488	0.0938875072381713	0.198037699937369	0.184208074923266	0.052682255780456	0.120844909526182	0.0195437088382967	0.0300952105434856	0.066081212212642	0.0207157599354031	0.0282992768016728	0.037333830438479	0.0641169023483691	0.164480287957974
GB134	0.120367497074032	0.0842480900311711	0.105493656086801	0.105914490937133	0.0866145531486983	0.159249940190953	0.105243814337735	0.0877903003734772	0.105620993508233	0.105792937837917	0.108970173173631	0.102242920133803	0.161474572588699	0.120116351134699	0.130606301618044	0.102701698476919	0.0810100479107915	0.159389913289083	0.0874464475747311	0.0849047265194281	0.124536321018681	0.140564028813381	0.118168322388271	0.138881269221505	0.0791832626317487	0.0874464474994727	0.108204289123115	0.105011993153679	0.137029495372465	0.105914486891995	0	0.333842664354979	0.114866635225939	0.0820261661076185	0.110816312182431	0.103952520385836	0.105059784921733	0.2058998637955	0.106202019340914	0.0866145532239567	0.0854845339752207	0.105932727851199	0.095705081699322	0.122015658521442	0.0853105559945107	0.087429558688944	0.120823444930291	0.158541558667867	0.155228457535909	0.126908299315608	0.193473436371094	0.165792499170309	0.133376576251002	0.127489522701562	0.114586121129869	0.502151528091142	0.157824805627267	0.229454347732091	0.146435116803405	0.138721415773034	0.184536455594229	0.275140223403772	0.262121715441798	0.125761506834415	0.171684246660784	0.107299833473834	0.131290932571647	0.156849838115952	0.112997558231306	0.130270507092578	0.115677555496193	0.117880094119094	0.221887738208729
GB135	0.307136665992063	0.310219970616427	0.326069543457995	0.294843420837865	0.304948554195539	0.267190125780274	0.317426180899745	0.322254137258337	0.302828789961458	0.316645962722374	0.302964308346161	0.320295987707196	0.328064130713241	0.303375302541136	0.32963166062278	0.323005942684231	0.328832274434542	0.336274512187399	0.305565109758666	0.347136516462673	0.307276467482249	0.318164676728875	0.323612130952604	0.319081841996222	0.344317966639394	0.305518845717112	0.312291822048149	0.33013762518613	0.34822765925918	0.294843421138898	0.333842664354979	0	0.36118515091713	0.350183073318366	0.321996813470667	0.303803169065052	0.316927858675369	0.359295460611883	0.296047578556369	0.306089137238686	0.321790443526374	0.296095199356175	0.321160553982764	0.323198299817365	0.324846944423637	0.307938804530134	0.309856685123058	0.335011367544983	0.311450881036845	0.314898997545242	0.362859974304835	0.331657174560759	0.312135410429251	0.320829356860633	0.321069185179893	0.514277486789106	0.332508071203424	0.370486166742113	0.33185913556754	0.314194286712492	0.336320426427957	0.400969789485739	0.381904873282018	0.324235663871572	0.32743918165715	0.306822109704066	0.310247843915766	0.330019763924859	0.307442439625962	0.309218002088142	0.316845261087321	0.333163462202958	0.34215110961837
GB140	0.118137031191527	0.114354098309772	0.125244526474765	0.103806628422304	0.121461878370757	0.156215781853958	0.124800699151526	0.100158992007074	0.0917017882445244	0.0731486681886394	0.0996494097164785	0.131802567214978	0.160786450661794	0.118419386596993	0.101401148420392	0.118936271604263	0.0886328148119377	0.160736765411466	0.120702000203157	0.0808204512553986	0.117252047578193	0.132520999806472	0.153010603040457	0.133410646533123	0.0668722487835571	0.120702000090269	0.0787479722439641	0.0534602956413621	0.0909234614233778	0.103806627594461	0.114866635225939	0.36118515091713	0	0.0711772063690605	0.0775565905026113	0.0915872774491406	0.138553955846212	0.205112376071588	0.102165929935496	0.119888346679885	0.098181555480367	0.102165929784979	0.068054809413775	0.101787472501247	0.0927548577087094	0.117608712346415	0.104309421408959	0.170779658613181	0.156343959723458	0.114521585348429	0.175842848578186	0.165231147348279	0.131187259887505	0.105478183752058	0.0738124543932652	0.526039414032541	0.154361667055072	0.23051021398619	0.128529834269424	0.137608259615272	0.182041728060053	0.275262889536944	0.259682666322198	0.103247268558151	0.154025414149569	0.0937218951305958	0.130378200776047	0.140598186150645	0.105153614862098	0.128729666874866	0.0899800267258678	0.084744218172449	0.247028500067465
GB142	0.106224302033132	0.066093860570379	0.0838985855625284	0.0901167798373434	0.0701628028687955	0.14859741004278	0.0801740414415947	0.0609386921719168	0.0846350605439658	0.0776164699722119	0.0940924430397725	0.083310360484051	0.147638868879188	0.104866217765393	0.106079239003134	0.0727576944939416	0.0605435283440683	0.147181142479031	0.0693488804472968	0.05028438415717	0.105536119560852	0.116067685807745	0.103643722992127	0.119827498898211	0.0392823652223204	0.0693488804472968	0.0750664520745326	0.0633069501644132	0.102759680362663	0.0901167741177058	0.0820261661076185	0.350183073318366	0.0711772063690605	0	0.0674259171190888	0.0911299141330851	0.0899730260493328	0.19482757446516	0.0885246228238549	0.0685169861717808	0.0603984132258579	0.0884894671087915	0.0679644817542849	0.101878594738817	0.0563467731323056	0.0693761732034159	0.103481427493571	0.144835545615566	0.149098617937228	0.101972664734631	0.179085283907074	0.153360374949195	0.117793407705095	0.099737185702631	0.0833610248836604	0.521274430884255	0.142495728897476	0.207763067474871	0.111359448181559	0.1240343360061	0.170843135189227	0.266409622034942	0.253941309008032	0.104755510397331	0.15673164598117	0.0908204700534392	0.116623153684266	0.13774632557173	0.0986580946906046	0.115245897040674	0.0897557917944711	0.0876419824933765	0.234993289892722
GB147	0.0655638381293175	0.065251589668068	0.0831506881260812	0.0436214417635287	0.0627092845135867	0.114316989084461	0.0811133031742741	0.0748405085142815	0.046171220753229	0.0437949910346005	0.05119986020292	0.0822854544967413	0.105286897950326	0.059583675351483	0.0795642679670092	0.0810276092491066	0.0778439184932998	0.111491853060822	0.0635411788831757	0.0852846849258199	0.0699055211693801	0.0751250273374032	0.0988643878713401	0.0821120823836989	0.0749501942873302	0.0635411788079173	0.0478817463165732	0.0538670293271843	0.0907780073037503	0.0436214397877756	0.110816312182431	0.321996813470667	0.0775565905026113	0.0674259171190888	0	0.0445294546038665	0.0844260603189468	0.155450647170044	0.0419609449389908	0.061117133257365	0.0647001334776481	0.0419609447978813	0.0487786143867656	0.0722487625110932	0.0689051767265556	0.0652061814837384	0.0577082007540145	0.119636608522875	0.128572761448044	0.0687870121316401	0.148577575270801	0.1099925277416	0.07545647263113	0.0716789860767548	0.0529753236626886	0.501985697433202	0.107523070780015	0.170284522151706	0.0714581891461605	0.0799907600187292	0.130754997248225	0.231630404677355	0.218636973271843	0.0769681171090765	0.136078489097682	0.0510982673596403	0.0719643449598942	0.10179601522219	0.0543752447654954	0.0706116968878742	0.0516314770217345	0.0621528223138114	0.199819077013267
GB149	0.0354219989644157	0.0384408606573789	0.0658185605825198	0.0127346514636141	0.0325993598824499	0.0887143632792162	0.0580171147982279	0.0609978895371008	0.0203754376582425	0.0314121331379871	0.0238437122768826	0.0569184075928096	0.077015950222208	0.0294595223597505	0.0620920588873854	0.0588585837283219	0.0626022763211619	0.0883466186509891	0.0334312542520388	0.08463537841659	0.0459904040050025	0.053388964629384	0.0728794759835559	0.0560146641701159	0.0760220299578375	0.0334312541767804	0.030563156336847	0.046693711193523	0.0857547316888366	0.0127346485552162	0.103952520385836	0.303803169065052	0.0915872774491406	0.0911299141330851	0.0445294546038665	0	0.0536580664491413	0.130415268129472	0.0144326016306877	0.0342631483394088	0.0526195451466724	0.0144326017059461	0.0382039456656485	0.0561079229369308	0.0502150661189749	0.0334677357188981	0.0324968232048882	0.0915656905395515	0.103714532435241	0.0444657898065869	0.131023403031356	0.0819769730471601	0.0455623451206419	0.0505701427658399	0.0408350933305543	0.488202972243531	0.0820628677617119	0.154816006169175	0.0736937871710821	0.0505967698615007	0.10359988410515	0.208441678114762	0.194401109177205	0.0615730963534478	0.127236524879029	0.0254211125123982	0.0423755561086264	0.0764266766156211	0.0332071515496331	0.0405485129567108	0.0422098115839139	0.0615641801345228	0.174759891749632
GB153	0.0639807394320014	0.0305842461459564	0.0599744501664783	0.0429105592345951	0.0232242798865444	0.115251286388046	0.0527183853767135	0.0571025004516346	0.0551771651953459	0.0740142069343064	0.0566915813833475	0.0498360159872758	0.102759920060635	0.0585843681574169	0.100526215169917	0.0523553125635542	0.0574437056978544	0.112005943695855	0.024013813208751	0.0850555254804968	0.0743468876815203	0.0840208378592224	0.0626143669013423	0.0845483496333614	0.0784799047190734	0.0240561742373187	0.066544765399562	0.0902643310414119	0.12474639864281	0.0429105555657486	0.105059784921733	0.316927858675369	0.138553955846212	0.0899730260493328	0.0844260603189468	0.0536580664491413	0	0.155989365275912	0.0445319831446566	0.0248457075971546	0.0475456956962142	0.044531983219915	0.0756291213699362	0.086708002582644	0.0518758629608636	0.0273413904989609	0.0662496337159113	0.102706720713865	0.12389242152373	0.0759156462219026	0.158640076923701	0.108851271559193	0.0738350169526206	0.0833510221969901	0.0779742008319708	0.493962352324014	0.108706386703433	0.175566794124968	0.103401301598007	0.07833730683408	0.129566539756276	0.226689094376534	0.21387280568932	0.0925583927280674	0.154313962473863	0.0600112272294784	0.0706703070965078	0.10416917485947	0.062494760529712	0.068951607277297	0.077539648578474	0.100850846674858	0.194693300684895
GB157	0.118557312572845	0.144557637303616	0.151731956524379	0.122368458577913	0.138020425018939	0.186624739281457	0.16280834794496	0.167291240315094	0.133734174298518	0.146382547576319	0.131502849586082	0.159924130040136	0.173367324463948	0.135751594483589	0.14999947143775	0.160556248680811	0.165775661535486	0.183999764177986	0.138852319388528	0.191826207243433	0.149539718385598	0.157550577262435	0.171053530949384	0.156692544543984	0.187880459589639	0.138722512795769	0.143650641834194	0.16314104410133	0.170794197367598	0.12236845805639	0.2058998637955	0.359295460611883	0.205112376071588	0.19482757446516	0.155450647170044	0.130415268129472	0.155989365275912	0	0.122467121278698	0.139454139340104	0.155986935408278	0.123827480645192	0.153342103792561	0.15974531819423	0.162293720219021	0.141849554491916	0.128660668550774	0.16870564587339	0.198302010996173	0.146441316072161	0.219199685586823	0.178506985532515	0.148049234252686	0.15664153026812	0.155906365168366	0.47611743362263	0.177198322715633	0.159072930727041	0.164307203303759	0.15184498950839	0.151475881875464	0.199758673613571	0.205703897984943	0.165741194133656	0.199062674071151	0.136269449359841	0.145899174565619	0.136956378460081	0.139751132427141	0.144477412292753	0.152247616099288	0.174756551029706	0.253639774227684
GB180	0.0246725377410349	0.027626235508407	0.0600840366925254	0.00169795642233151	0.0217847346205904	0.0794148746727392	0.0519891871572143	0.0565462286461784	0.0144326016306877	0.033959062864082	0.0162618083107953	0.0487697473491984	0.0664652112608004	0.0185972210584265	0.0630201764329515	0.0498781300742518	0.0534331988957193	0.0803676969700992	0.0226166289901794	0.0834707186340985	0.0352996447020107	0.045937661316735	0.0625613626243189	0.0469727921064454	0.0783717865406564	0.022616628914921	0.0263182734600221	0.0509385940703479	0.0865310585559017	0.00169795307547155	0.106202019340914	0.296047578556369	0.102165929935496	0.0885246228238549	0.0419609449389908	0.0144326016306877	0.0445319831446566	0.122467121278698	0	0.0234485230775494	0.0450960155576468	0.00339590622620149	0.0390529220904967	0.0495190831145855	0.0525648232097879	0.0259442059981703	0.0265945249961482	0.0814207277514718	0.0965956628623635	0.0377765959975394	0.124860540747341	0.0730909005259023	0.0350100412362754	0.044525333727249	0.0416076606835681	0.482580519083774	0.0725420346916324	0.14545421889334	0.0679892554521711	0.0399249600942689	0.0954717074831327	0.19929801697156	0.185655973005024	0.0543599398900764	0.121930863331966	0.0212416619137682	0.0317191420254683	0.0660812121373836	0.0224137130108747	0.0299486885543423	0.0390317835139506	0.0641169022731107	0.165739816585273
GB181	0.0439430794518704	0.00915083770800119	0.0408637305401792	0.0217847384023245	0.00166378862629033	0.0973008509085636	0.0322217504032935	0.0348854417150671	0.0342631487157008	0.0501056217372116	0.0359843246676404	0.0289903426862726	0.0841037019184141	0.0380244121482276	0.0780613393419319	0.0316554741049656	0.0366033501546792	0.0936725775175022	0.00249568305232308	0.0668616066451627	0.0527174696326256	0.0643266980921981	0.0431047490224092	0.0653692480703496	0.0582326030490374	0.00249568297706469	0.0459279091746518	0.0717166320731242	0.105719042020013	0.021784734545332	0.0866145532239567	0.306089137238686	0.119888346679885	0.0685169861717808	0.061117133257365	0.0342631483394088	0.0248457075971546	0.139454139340104	0.0234485230775494	0	0.026620618923746	0.0234485230775494	0.0550969872397907	0.0687259600281414	0.0324438789276162	0.00582326015438696	0.0442886765143185	0.084341118507313	0.105771644793526	0.0574726925015148	0.140535133561552	0.0904476077229989	0.0538420229021347	0.0617045735883893	0.0608093617954338	0.488073481754823	0.0900431977340368	0.160324418202344	0.0845185090420824	0.0585418712874555	0.111993988336186	0.212582868966039	0.199261611835523	0.0728347458961335	0.135671841262868	0.0408469242128459	0.0505959886417846	0.0855490036045361	0.0418723834245795	0.0489879459180314	0.0556520020231755	0.0809454421014196	0.179997667576177
GB182	0.0635306315327233	0.0291163018255523	0.0511486344415732	0.0450777794714227	0.0249568302974556	0.114411040576118	0.0436251810704819	0.0469802456221195	0.0526195453724476	0.0552976352698875	0.0509364681337217	0.0487219035023391	0.105927723732711	0.0606962012296373	0.0827055371394663	0.0454541708559099	0.0349395617541641	0.112579493341271	0.0241249358714229	0.057427904709722	0.0726243538236377	0.0851326834861979	0.0658059757240493	0.0846828890569282	0.0432585048856157	0.0241249359466813	0.0560565670256061	0.0538709763475139	0.100550301429449	0.0450777748618463	0.0854845339752207	0.321790443526374	0.098181555480367	0.0603984132258579	0.0647001334776481	0.0526195451466724	0.0475456956962142	0.155986935408278	0.0450960155576468	0.026620618923746	0	0.0450960158210511	0.0652256448273406	0.0763620498656022	0.0407628219838094	0.0274525131240036	0.0605259081066558	0.106456290027409	0.118170000104742	0.0720952127429873	0.152802056360124	0.112263995062823	0.0762569001979298	0.0792852993301972	0.064338745323546	0.500137053354822	0.109691936597981	0.180456797677008	0.0947212773666839	0.0810162496724815	0.130327783731951	0.23137632817632	0.218630549055759	0.0834167674560137	0.141690275114444	0.0508812697171563	0.0732371222716991	0.104771032421426	0.0517086625061553	0.0715810698880391	0.0614800767389813	0.0893170817218947	0.199696203806635
GB99	0.0246725378162933	0.0292717832319363	0.0572446739545675	0.00169795642233151	0.0217847346205904	0.0798727766695348	0.0518284140324051	0.0565462284015887	0.0144326017059461	0.0339590629393404	0.0162618084989413	0.0487112714861981	0.0664936721776471	0.0186025628989393	0.0612675943458923	0.0514922406373903	0.0567242944556655	0.0794955470571012	0.0226166289901794	0.083560217096649	0.0353861288590865	0.0459471775143586	0.0625613626243189	0.0469727921064454	0.0767262387230541	0.022616628914921	0.0263182733847637	0.0526365471458194	0.0895516985293591	0.00169795315072994	0.105932727851199	0.296095199356175	0.102165929784979	0.0884894671087915	0.0419609447978813	0.0144326017059461	0.044531983219915	0.123827480645192	0.00339590622620149	0.0234485230775494	0.0450960158210511	0	0.0390529221657551	0.0483471045289377	0.0525648232097879	0.0259442059981703	0.0265945250714066	0.081334772792579	0.096510054750575	0.0386111863672432	0.126058536158367	0.0730993034261646	0.0350100410105002	0.0430031406006428	0.0382117544573666	0.48263158611577	0.0726164125207097	0.145466964202698	0.0679367097057026	0.0399857743671446	0.0954781356785032	0.199421961820035	0.185670820619873	0.054380208931186	0.12240106887137	0.0212416619890266	0.0317277311902456	0.066081212212642	0.0207157599354031	0.0299486886296007	0.037275821497344	0.0624189491976391	0.165927146420334
GCDF199	0.0564303930209141	0.0592746989933228	0.0831702041129271	0.0373549711710906	0.0567242941922612	0.10406604286923	0.0719526294016778	0.0639499293245149	0.0415998518165916	0.0373549690902835	0.0449797987486377	0.0772844400971827	0.100054850068056	0.0533427842657524	0.0737525011704426	0.0728311162780632	0.0702717325866523	0.106045932556042	0.0575561885618501	0.0793185975929402	0.0605020856465956	0.0780688490662159	0.0929373550708547	0.0779264192990582	0.0622993644251667	0.0559106406501748	0.0449957580427931	0.0492406409948763	0.0807485009233157	0.0373549690150251	0.095705081699322	0.321160553982764	0.068054809413775	0.0679644817542849	0.0487786143867656	0.0382039456656485	0.0756291213699362	0.153342103792561	0.0390529220904967	0.0550969872397907	0.0652256448273406	0.0390529221657551	0	0.0662735127138369	0.061175617831524	0.0575926701227824	0.0550916858506624	0.11278128270248	0.120919868632248	0.0603475389400064	0.142311582285346	0.104843538367387	0.0679068554079894	0.060601012611931	0.0484795357768584	0.500895109140512	0.100251856815032	0.175885017246309	0.0847190318516258	0.0742440612027139	0.125661656975445	0.227848703229819	0.214495813474059	0.0676888912502262	0.130045451901176	0.047367349869073	0.0661698804434502	0.0953256421618991	0.0490944491642894	0.0647319624896603	0.05059771638627	0.0597333829812329	0.194834480795896
GCDF203	0.066041032623763	0.0739220599408704	0.0831632331164196	0.0483471070406554	0.0670621715711825	0.116816752373871	0.0862768413781217	0.0846658984594273	0.0523076703903651	0.0608771809122779	0.0569192765638082	0.0798149092518019	0.108956295996904	0.064085115871458	0.0909461416680403	0.0877264057182603	0.081012851191741	0.11083779346687	0.0678940659407714	0.0959968572162619	0.0781385102356323	0.0897986498670747	0.105199317570136	0.0876479959397605	0.0968626364689283	0.0674423330058955	0.0542275268170569	0.0689807562816023	0.101277404662335	0.0483471045289377	0.122015658521442	0.323198299817365	0.101787472501247	0.101878594738817	0.0722487625110932	0.0561079229369308	0.086708002582644	0.15974531819423	0.0495190831145855	0.0687259600281414	0.0763620498656022	0.0483471045289377	0.0662735127138369	0	0.0761112976593502	0.0674788144915694	0.0680823090928371	0.11056725406135	0.125711504934412	0.0758339535125127	0.135385951177791	0.11503138611413	0.0730604147820762	0.077705700025715	0.0653069239072125	0.48715043399069	0.110292036180394	0.171960293682236	0.0950920552278709	0.0641375646521949	0.135186371064246	0.215473851019686	0.192988108392015	0.0734204125562401	0.142897038316034	0.0587876784154261	0.076860444977729	0.10597439977632	0.0567885810753914	0.0746016859857723	0.0725756709398043	0.088907132169815	0.200808931593642
GCDF208	0.0706505352311363	0.0332757732783905	0.0586233771208561	0.0509010391930739	0.0307800903013258	0.118968506560031	0.0460404774004763	0.0463724925813049	0.0502150667398566	0.0561842522913157	0.0550858905407214	0.0513385783391769	0.111476384799438	0.066392612521245	0.0860286561038458	0.0495239355874182	0.0424266107606165	0.118814802662742	0.0316119847273586	0.057758254836304	0.0762314538875914	0.0909170899163894	0.068626682415153	0.0873253800050177	0.0490817656420698	0.0299481959505515	0.0569431838400737	0.0646308797289326	0.100461827591062	0.0509010346775705	0.0853105559945107	0.324846944423637	0.0927548577087094	0.0563467731323056	0.0689051767265556	0.0502150661189749	0.0518758629608636	0.162293720219021	0.0525648232097879	0.0324438789276162	0.0407628219838094	0.0525648232097879	0.061175617831524	0.0761112976593502	0	0.0299481960258099	0.063176476387213	0.109972904182293	0.12120228544856	0.0787321734571397	0.15185065004937	0.117523351270292	0.0801762509526628	0.0790597786280242	0.0603064823933322	0.502588606241978	0.111934143071524	0.18554674928086	0.10156437942777	0.0867810341708287	0.136921561896952	0.235743073953523	0.222509221484264	0.0806589895539513	0.151368668077118	0.0582872032366618	0.0792818923640733	0.107274185094719	0.0661084861165345	0.0770777021958069	0.0655358600232637	0.0792654112282425	0.204650684081093
GCDF210	0.0463006314115994	0.0116465206098075	0.0433009375225414	0.0242804212853162	0.00415947152809663	0.0997770631290746	0.0330517140753341	0.0390449131679053	0.0351132839127924	0.0509557566332697	0.0384800075882613	0.0277611346106337	0.0864257249943536	0.040458822773412	0.0816998089466131	0.0308235797541912	0.0374352443549368	0.0959749655290083	0.00499136595412938	0.0627484651602278	0.0567754913648271	0.0668614043882399	0.0455916429484131	0.0664461156673203	0.0540731315961992	0.00499136587887099	0.0484235922269749	0.0692756713151631	0.101632533538522	0.0242804174659529	0.087429558688944	0.307938804530134	0.117608712346415	0.0693761732034159	0.0652061814837384	0.0334677357188981	0.0273413904989609	0.141849554491916	0.0259442059981703	0.00582326015438696	0.0274525131240036	0.0259442059981703	0.0575926701227824	0.0674788144915694	0.0299481960258099	0	0.046586492164719	0.0852730183325934	0.101592567438881	0.0599483859283153	0.142442916002538	0.0928529245270924	0.0561633003555765	0.0624687557833062	0.0584042709170267	0.489219947595789	0.0924472165002365	0.162547000599178	0.0853110048355478	0.0609790782698176	0.113587726453187	0.21436945512665	0.200981815053959	0.073655579521349	0.139393306685367	0.0399886368011886	0.0531263660752412	0.087908919373847	0.0443095906891606	0.0513903068171607	0.060614096264195	0.0819890927899666	0.182024857669015
GCDF213	0.042696548569383	0.0500522714409262	0.0784155329444794	0.0248965746884369	0.0442704356303721	0.0994810342149	0.0718151560674111	0.0705541578319037	0.0341122580522841	0.0446363016398567	0.0341957388727954	0.0684268289631364	0.0871823720558725	0.0410418205828679	0.0653175119536393	0.0684354635839811	0.067435208049537	0.0984829946637455	0.045102329999961	0.0921871672864213	0.0574254033842472	0.0648092228185498	0.0835651879697436	0.0654408415459623	0.090095705964198	0.0451023299247026	0.0476148074887919	0.0631083699338364	0.0938941985180583	0.0248965719206767	0.120823444930291	0.309856685123058	0.104309421408959	0.103481427493571	0.0577082007540145	0.0324968232048882	0.0662496337159113	0.128660668550774	0.0265945249961482	0.0442886765143185	0.0605259081066558	0.0265945250714066	0.0550916858506624	0.0680823090928371	0.063176476387213	0.046586492164719	0	0.100897445578617	0.110570389419945	0.0584965694643971	0.138519084852452	0.0941176540359403	0.0571089389762192	0.059538945461614	0.0506629811957328	0.483711652382456	0.0921287898990241	0.154908811391303	0.0780386513644698	0.061949981037866	0.110374326243846	0.20203992110122	0.19050494111096	0.0692563717150026	0.129404255687588	0.0413440461976059	0.0536123370808182	0.0828046780267749	0.04479001325113	0.0517528757942144	0.0557431433011185	0.0779045956642038	0.184102207949065
GCDF217	0.0944836295840114	0.0899542765221511	0.111063530367583	0.0798880778178075	0.0828919359529861	0.144299626181071	0.110114983292391	0.11644965854257	0.0903157804048423	0.10797640952197	0.0929533938943136	0.102759792761068	0.134770574142235	0.094591287910148	0.130920473674331	0.109321829006828	0.114001296441814	0.142766602487877	0.0837238303225751	0.140228090356245	0.109767568363535	0.0996643886101818	0.119446551295543	0.112627577412911	0.134201884589563	0.0837238302473167	0.103274722329595	0.127699461436332	0.153285533227403	0.0798880750445103	0.158541558667867	0.335011367544983	0.170779658613181	0.144835545615566	0.119636608522875	0.0915656905395515	0.102706720713865	0.16870564587339	0.0814207277514718	0.084341118507313	0.106456290027409	0.081334772792579	0.11278128270248	0.11056725406135	0.109972904182293	0.0852730183325934	0.100897445578617	0	0.158172964786339	0.109510391821257	0.176124691304685	0.142064637363409	0.107324112225512	0.116616008539844	0.115193645629768	0.487357530328963	0.140415912456434	0.182434638491785	0.131162650996085	0.0981643717322085	0.156566212706343	0.229197582756781	0.204565238734387	0.122287911428797	0.181219536698226	0.097889115318957	0.106045843261962	0.124254805647364	0.0967703242080681	0.104046362574504	0.113228394640516	0.135963471888593	0.219947651009819
GCDF222	0.114330835922649	0.108507312476785	0.133197283673317	0.0949871950537398	0.104107856280123	0.144129004310628	0.123263136022771	0.126632507777575	0.100211113503184	0.115291174331849	0.104577905244448	0.119989093355458	0.148978690607379	0.109714236500852	0.136871668463103	0.121335074964045	0.122403893168225	0.157379568789643	0.104804245341155	0.147521715197298	0.122372720898552	0.124325210915295	0.139745879184568	0.133537632309728	0.135810594874048	0.103294202738037	0.111611378463832	0.124757748266513	0.14889448990274	0.0949871929531748	0.155228457535909	0.311450881036845	0.156343959723458	0.149098617937228	0.128572761448044	0.103714532435241	0.12389242152373	0.198302010996173	0.0965956628623635	0.105771644793526	0.118170000104742	0.096510054750575	0.120919868632248	0.125711504934412	0.12120228544856	0.101592567438881	0.110570389419945	0.158172964786339	0	0.114969590208446	0.183088453505376	0.156458166456132	0.12158092024802	0.122544198645034	0.116111630065875	0.467883696459761	0.152197519430157	0.217588980465826	0.144420307806947	0.12675044390213	0.175167757566228	0.257966266747451	0.237671792488357	0.130259047328222	0.176728832789443	0.103507715663073	0.121266612293895	0.142489901518054	0.112311357895684	0.118993880001433	0.122102291821831	0.138044742491059	0.222131212213726
GCDF225	0.0592715162595715	0.0630996038553992	0.0889793329053756	0.0369673803327739	0.0558712589883744	0.10168749098713	0.0784668800317579	0.0820878412235867	0.0495425165546211	0.0555149632120373	0.0469574059707799	0.081159593669152	0.0943524247844412	0.0508335206629426	0.0796621308821921	0.0828006766887024	0.0798959616534036	0.104637297933376	0.0566115688457332	0.107774096399997	0.0688275374622658	0.0700808656989888	0.0942432509377749	0.0795669120106131	0.10024561588135	0.0550785656040064	0.0545284227947846	0.0770398613460588	0.109584923128061	0.0369673773194804	0.126908299315608	0.314898997545242	0.114521585348429	0.101972664734631	0.0687870121316401	0.0444657898065869	0.0759156462219026	0.146441316072161	0.0377765959975394	0.0574726925015148	0.0720952127429873	0.0386111863672432	0.0603475389400064	0.0758339535125127	0.0787321734571397	0.0599483859283153	0.0584965694643971	0.109510391821257	0.114969590208446	0	0.143666796555573	0.104439890416659	0.067057077227292	0.0676507242682456	0.0669891009897445	0.487532506687473	0.0977460811234484	0.160439830094651	0.092550528000551	0.0723728436054756	0.118464108264883	0.21652898038126	0.199434140687714	0.0788670523054521	0.143036214164411	0.048475073829218	0.0635166602830092	0.0925205788608038	0.0570483316639156	0.0631199282678691	0.0629867317361964	0.091078771400557	0.182105398854485
GCDF229	0.142330733927512	0.145172359647624	0.164266865926258	0.124994712547895	0.140862821685997	0.185576586240921	0.161876709078147	0.162511193466307	0.129360446951004	0.137170571269411	0.127084526938922	0.144060062037574	0.168615982764297	0.136893264290811	0.154895802357733	0.157249430589604	0.153291021577186	0.17874836075035	0.141220874463518	0.17047465114732	0.150308094768211	0.158370260469089	0.172971830073029	0.159032183313611	0.168609352744739	0.140049168143911	0.135091224214946	0.151794083153058	0.171396141702479	0.124994709147046	0.193473436371094	0.362859974304835	0.175842848578186	0.179085283907074	0.148577575270801	0.131023403031356	0.158640076923701	0.219199685586823	0.124860540747341	0.140535133561552	0.152802056360124	0.126058536158367	0.142311582285346	0.135385951177791	0.15185065004937	0.142442916002538	0.138519084852452	0.176124691304685	0.183088453505376	0.143666796555573	0	0.147811579376911	0.143137821344414	0.151606038852473	0.147236310510021	0.497562415672071	0.173429051545834	0.220904187882564	0.166170059759734	0.134648201441524	0.197904138684724	0.270209744948931	0.246801888212712	0.151721825162325	0.202007420963109	0.134284026055324	0.144992808199892	0.172213230695989	0.134923419454182	0.146822193693934	0.139117188488293	0.162691447056002	0.245396389315526
GCDF232	0.0915006244874964	0.0959210249247274	0.123748882212723	0.0715383407011545	0.0889403111668247	0.140409268514074	0.11590667129165	0.1223769199216	0.0833663749273377	0.0999802238862924	0.0848868880609069	0.112886340366771	0.128151988591811	0.0861208928899482	0.127153705767911	0.115472447371694	0.121456674102581	0.140282274327344	0.0897106075038513	0.147073864372391	0.101048097164944	0.110519032897145	0.1246810715194	0.111241448407221	0.141745023184804	0.0896939595201702	0.0959356015529295	0.120474439979804	0.149572903309206	0.0715383390585582	0.165792499170309	0.331657174560759	0.165231147348279	0.153360374949195	0.1099925277416	0.0819769730471601	0.108851271559193	0.178506985532515	0.0730909005259023	0.0904476077229989	0.112263995062823	0.0730993034261646	0.104843538367387	0.11503138611413	0.117523351270292	0.0928529245270924	0.0941176540359403	0.142064637363409	0.156458166456132	0.104439890416659	0.147811579376911	0	0.101005484058399	0.108752303615664	0.108349209406761	0.498713313630133	0.133336583208857	0.197272446872008	0.130588513112279	0.104658654693401	0.153193853833158	0.244869681244547	0.233262631026181	0.118174675137106	0.178455522566131	0.0894605676935177	0.0977830301706839	0.130015314660139	0.0901418129603068	0.0960963666815348	0.105540101689221	0.128655365545942	0.215171865855504
GCDF235	0.055288094387512	0.0595493533394553	0.0852793084664477	0.0333725519211274	0.0522367101576593	0.107423721389337	0.0792918186446633	0.0867932247505947	0.0451721664932039	0.0642736356216248	0.0475260602178598	0.075451383592956	0.0941603392964662	0.0490584769944726	0.0905984359407666	0.0785054224119945	0.0845679135033579	0.104443994190807	0.0529654192352536	0.112697099608303	0.0656702933136863	0.0754749166468779	0.0902924069175215	0.0759216490568537	0.106490526103763	0.0529654192352536	0.0569217745402847	0.084021370669808	0.115917184211389	0.033372548493472	0.133376576251002	0.312135410429251	0.131187259887505	0.117793407705095	0.07545647263113	0.0455623451206419	0.0738350169526206	0.148049234252686	0.0350100412362754	0.0538420229021347	0.0762569001979298	0.0350100410105002	0.0679068554079894	0.0730604147820762	0.0801762509526628	0.0561633003555765	0.0571089389762192	0.107324112225512	0.12158092024802	0.067057077227292	0.143137821344414	0.101005484058399	0	0.0740194302616697	0.0718842484433242	0.467500733907777	0.1006308403995	0.161803813105581	0.0933986490479473	0.058833343099163	0.121612202827678	0.207698997994414	0.192800300684993	0.080196294538451	0.139963652355352	0.0520156595216255	0.0612473552199927	0.0955853235127047	0.0494017967897834	0.059613498435779	0.0693913254171911	0.0940636969877012	0.172329700881183
GCDF236	0.0633456086495308	0.0674104435049524	0.0882011125372215	0.0428273831426043	0.0616863327044429	0.112044166848816	0.0872532526840164	0.0897564411238588	0.0503587673484075	0.0554668386701984	0.0551775744316554	0.0853006261391471	0.10253717185873	0.0587902910433559	0.0825360693188027	0.081206926379842	0.0828183879981739	0.113457875646124	0.062432274222374	0.100103696714146	0.070103483556798	0.083911910295637	0.0987193455750292	0.0807652353788867	0.0942058585621793	0.0608726791623566	0.0579103159181999	0.0723572985993491	0.10532805218239	0.0428273806517774	0.127489522701562	0.320829356860633	0.105478183752058	0.099737185702631	0.0716789860767548	0.0505701427658399	0.0833510221969901	0.15664153026812	0.044525333727249	0.0617045735883893	0.0792852993301972	0.0430031406006428	0.060601012611931	0.077705700025715	0.0790597786280242	0.0624687557833062	0.059538945461614	0.116616008539844	0.122544198645034	0.0676507242682456	0.151606038852473	0.108752303615664	0.0740194302616697	0	0.0601008763028817	0.495128579814025	0.104695551398427	0.174183782547562	0.0963064798370305	0.0756932783759001	0.12892125885595	0.227234962857281	0.211792610453987	0.0810153626582839	0.144128679269643	0.0569445053962144	0.0706306493869334	0.101285936179185	0.0611327799657981	0.0695954562362396	0.0634717409207363	0.0829664561333078	0.184702171821787
GCDF238	0.0618179689415477	0.0585124914092247	0.08129118207955	0.0399097101794673	0.0591455733384749	0.112073073013112	0.0805202785766486	0.0692814224860584	0.0440991102256859	0.0467421601930953	0.047409988525841	0.0778798369897736	0.10199711778474	0.0560072774791883	0.0723524934075999	0.0783872895808232	0.0693855139831401	0.108423220144227	0.0599774677080639	0.0783139069498789	0.0678891259988751	0.0810941814379108	0.0965967743535234	0.0790562740893978	0.0696948596624413	0.0599597031720961	0.0391198645411718	0.0467445957427374	0.0869420413116012	0.0399097076080965	0.114586121129869	0.321069185179893	0.0738124543932652	0.0833610248836604	0.0529753236626886	0.0408350933305543	0.0779742008319708	0.155906365168366	0.0416076606835681	0.0608093617954338	0.064338745323546	0.0382117544573666	0.0484795357768584	0.0653069239072125	0.0603064823933322	0.0584042709170267	0.0506629811957328	0.115193645629768	0.116111630065875	0.0669891009897445	0.147236310510021	0.108349209406761	0.0718842484433242	0.0601008763028817	0	0.500585765549631	0.105025470689541	0.177600412996429	0.0825291820378466	0.0766602905297821	0.127059563016049	0.229346933200805	0.215792405014538	0.0733567231118378	0.13306400740538	0.0456860116824056	0.0688048628431679	0.0908605910160325	0.0507712112645609	0.0668585478243503	0.0579559407902486	0.0707869009876793	0.196749921361304
GCDF239	0.480320727283304	0.491253542478638	0.489351149159248	0.48170005432283	0.487216750479708	0.486188275645478	0.496134785389659	0.500102450751295	0.487903656682583	0.497287028365665	0.48630441258652	0.485313288792215	0.484677897559272	0.484071027750921	0.494003198363564	0.496609128183789	0.504981451865399	0.487955474191242	0.487749297510494	0.516251887937989	0.489477879170216	0.486075786930142	0.497954330360047	0.495657813368422	0.51711068580849	0.487669313495809	0.495050311991663	0.508290990133478	0.505386738765119	0.481700055225931	0.502151528091142	0.514277486789106	0.526039414032541	0.521274430884255	0.501985697433202	0.488202972243531	0.493962352324014	0.47611743362263	0.482580519083774	0.488073481754823	0.500137053354822	0.48263158611577	0.500895109140512	0.48715043399069	0.502588606241978	0.489219947595789	0.483711652382456	0.487357530328963	0.467883696459761	0.487532506687473	0.497562415672071	0.498713313630133	0.467500733907777	0.495128579814025	0.500585765549631	0	0.497367100583182	0.468521950220821	0.488824041202815	0.470755939230774	0.483340897945443	0.475905998186632	0.454222153834622	0.489154916821104	0.492512520816591	0.490808617888075	0.487544976099573	0.478863507810265	0.483656945854726	0.48980920513471	0.496142391002539	0.505098730024665	0.476551719988235
GCDF240	0.0907987250824167	0.093587107185011	0.121503553325028	0.0709764039410912	0.0885180075173125	0.139732458412346	0.115204865865485	0.117565456156929	0.0822006178398927	0.097233341893915	0.0809632327144194	0.109413140312289	0.089163861322132	0.0765483575647302	0.119874290501078	0.0991442532589038	0.11862795523396	0.130899467533737	0.0893030362109644	0.138955097664336	0.100191297479952	0.109560960856727	0.124030663471932	0.110876692628319	0.13759452405602	0.0893030362109644	0.092329650966808	0.11447677003088	0.144941421959436	0.0709764018391419	0.157824805627267	0.332508071203424	0.154361667055072	0.142495728897476	0.107523070780015	0.0820628677617119	0.108706386703433	0.177198322715633	0.0725420346916324	0.0900431977340368	0.109691936597981	0.0726164125207097	0.100251856815032	0.110292036180394	0.111934143071524	0.0924472165002365	0.0921287898990241	0.140415912456434	0.152197519430157	0.0977460811234484	0.173429051545834	0.133336583208857	0.1006308403995	0.104695551398427	0.105025470689541	0.497367100583182	0	0.161572717130184	0.120798093069232	0.104018712284589	0.136054054523508	0.245502424661559	0.233683912854905	0.112610662149058	0.173381123522466	0.081750445745208	0.0803039251930184	0.127102263478769	0.0881569242537624	0.0956624828730569	0.089740955054459	0.124606964695785	0.192236105149443
GCDF241	0.142142009930779	0.165333751739577	0.174480159851638	0.144106875724877	0.158943381894267	0.2041965481082	0.182837260623622	0.189352141636791	0.154998286053388	0.171824202806962	0.155925868888094	0.170491098134656	0.147304083088959	0.142090499495166	0.176392553468244	0.16108432553257	0.189426845616915	0.187125540517195	0.159682587410013	0.213435133937934	0.170524285936897	0.169243663963344	0.189807980368384	0.178197382826998	0.209367865941139	0.159743838896505	0.166226568584791	0.1888780943071	0.19954470006956	0.144106873358139	0.229454347732091	0.370486166742113	0.23051021398619	0.207763067474871	0.170284522151706	0.154816006169175	0.175566794124968	0.159072930727041	0.14545421889334	0.160324418202344	0.180456797677008	0.145466964202698	0.175885017246309	0.171960293682236	0.18554674928086	0.162547000599178	0.154908811391303	0.182434638491785	0.217588980465826	0.160439830094651	0.220904187882564	0.197272446872008	0.161803813105581	0.174183782547562	0.177600412996429	0.468521950220821	0.161572717130184	0	0.16098731057248	0.149368785020679	0.153630298327165	0.223894664660247	0.196380588743422	0.17871402892651	0.230427385166739	0.153621060199885	0.141917570400042	0.168312412357391	0.153422682310897	0.165059761003111	0.156047177905537	0.196569768091043	0.236271499919545
GCDF243	0.0813886927478392	0.0856112318696699	0.113231184469028	0.0663163519153992	0.0842828050707326	0.13746843630956	0.105869057127322	0.101963471451944	0.0742891596046963	0.0816117648336321	0.0795389748827526	0.0993153343748565	0.114108388481492	0.0765382753910892	0.105378495708033	0.099144535891787	0.106102082859537	0.129594008626435	0.0850752491993133	0.128519449721683	0.0954757617278533	0.0947430913167244	0.121059701956733	0.103508534389689	0.118613371475026	0.085102671588009	0.0821221012885522	0.0918087416770633	0.124561862399181	0.0663163486886958	0.146435116803405	0.33185913556754	0.128529834269424	0.111359448181559	0.0714581891461605	0.0736937871710821	0.103401301598007	0.164307203303759	0.0679892554521711	0.0845185090420824	0.0947212773666839	0.0679367097057026	0.0847190318516258	0.0950920552278709	0.10156437942777	0.0853110048355478	0.0780386513644698	0.131162650996085	0.144420307806947	0.092550528000551	0.166170059759734	0.130588513112279	0.0933986490479473	0.0963064798370305	0.0825291820378466	0.488824041202815	0.120798093069232	0.16098731057248	0	0.0964596190329905	0.142685438214679	0.228397174954715	0.212115716339663	0.10418902926448	0.163705554800202	0.0694463832040477	0.0882978211298133	0.114068213041232	0.0759149334026557	0.0917932772350432	0.0898462166689863	0.109803664479217	0.210658760807204
GCDF245	0.0600231355338386	0.0643066555788421	0.0851104848764159	0.0383486391480065	0.0569950343495367	0.112215314831848	0.0854052186689594	0.0918512069479083	0.0507792126048695	0.0694542739427451	0.0522699447894337	0.0583254873865482	0.0988061055541039	0.0540994450854457	0.0954753144672423	0.0852015458348424	0.0905311746202936	0.101220786157582	0.0578269287191256	0.118962276708147	0.0699203044477135	0.0797504630090311	0.0946978398721025	0.0808575315156368	0.112888601542723	0.0577684528561253	0.0635114373883816	0.089039125075244	0.122380445250357	0.0383486355645488	0.138721415773034	0.314194286712492	0.137608259615272	0.1240343360061	0.0799907600187292	0.0505967698615007	0.07833730683408	0.15184498950839	0.0399249600942689	0.0585418712874555	0.0810162496724815	0.0399857743671446	0.0742440612027139	0.0641375646521949	0.0867810341708287	0.0609790782698176	0.061949981037866	0.0981643717322085	0.12675044390213	0.0723728436054756	0.134648201441524	0.104658654693401	0.058833343099163	0.0756932783759001	0.0766602905297821	0.470755939230774	0.104018712284589	0.149368785020679	0.0964596190329905	0	0.125406609001485	0.199185120261679	0.166865445052584	0.0751506664197553	0.148440125238414	0.0569591860126967	0.0660551870335834	0.10020830435208	0.0529110360175672	0.0643937404483858	0.0738416952316207	0.0994226842968151	0.18832149431862
GCDF248	0.100626635184098	0.117510788161496	0.135970471464474	0.0938875091739985	0.110546584965454	0.161108500465299	0.136824920171439	0.143232024284174	0.104484707342856	0.12072925581926	0.105895828606203	0.133818512349719	0.13158155765121	0.103393227134765	0.127412083210668	0.130665183782276	0.140805050542559	0.153918828269598	0.111306506481887	0.165858475058669	0.121889309750663	0.130863047270763	0.14516707558674	0.131854888616186	0.160345287767775	0.111247976301144	0.116846161847464	0.137814105535396	0.157462640618435	0.0938875072381713	0.184536455594229	0.336320426427957	0.182041728060053	0.170843135189227	0.130754997248225	0.10359988410515	0.129566539756276	0.151475881875464	0.0954717074831327	0.111993988336186	0.130327783731951	0.0954781356785032	0.125661656975445	0.135186371064246	0.136921561896952	0.113587726453187	0.110374326243846	0.156566212706343	0.175167757566228	0.118464108264883	0.197904138684724	0.153193853833158	0.121612202827678	0.12892125885595	0.127059563016049	0.483340897945443	0.136054054523508	0.153630298327165	0.142685438214679	0.125406609001485	0	0.226887616394746	0.210885799179475	0.137684617831249	0.183471295907341	0.106072407987232	0.109976261797728	0.132852086025958	0.111906653665232	0.117305113510652	0.11852177179823	0.14897695417055	0.223550049870303
GCDF249	0.190500989575127	0.217026867555699	0.216710027645935	0.198037701081158	0.211136215770937	0.246156132732979	0.233130965852226	0.239241862218037	0.207863224820808	0.223892525986138	0.208636513262084	0.214933001539773	0.239513531590652	0.208992069718814	0.230873768170825	0.232311775663284	0.238828061261412	0.205707936124368	0.211766828397157	0.262360213606647	0.221342087563391	0.22104101537755	0.238819784644728	0.22905548558467	0.257800310850143	0.211750266433816	0.21930507271353	0.240144975107126	0.247534804873996	0.198037699937369	0.275140223403772	0.400969789485739	0.275262889536944	0.266409622034942	0.231630404677355	0.208441678114762	0.226689094376534	0.199758673613571	0.19929801697156	0.212582868966039	0.23137632817632	0.199421961820035	0.227848703229819	0.215473851019686	0.235743073953523	0.21436945512665	0.20203992110122	0.229197582756781	0.257966266747451	0.21652898038126	0.270209744948931	0.244869681244547	0.207698997994414	0.227234962857281	0.229346933200805	0.475905998186632	0.245502424661559	0.223894664660247	0.228397174954715	0.199185120261679	0.226887616394746	0	0.214109879927804	0.227574873753268	0.2601772716664	0.212850296493582	0.20328983645698	0.190176161382385	0.206781093990712	0.210761406675282	0.227029683388243	0.246264135069919	0.304229239566308
GCDF251	0.177969605276229	0.203981492894165	0.210225037628352	0.184208076725566	0.197762077805972	0.224706057355636	0.212102329207942	0.225859099415818	0.194856059276546	0.210877012969418	0.195408573505854	0.193836937385677	0.227909714284569	0.19552169475855	0.209263839749525	0.219888205894015	0.226335454995584	0.213880626522381	0.198390798135237	0.249765606766397	0.190777759434599	0.200578441241323	0.218471118747586	0.215828045525334	0.245769845679252	0.198390797834204	0.205619245635891	0.226857872999678	0.236197084075574	0.184208074923266	0.262121715441798	0.381904873282018	0.259682666322198	0.253941309008032	0.218636973271843	0.194401109177205	0.21387280568932	0.205703897984943	0.185655973005024	0.199261611835523	0.218630549055759	0.185670820619873	0.214495813474059	0.192988108392015	0.222509221484264	0.200981815053959	0.19050494111096	0.204565238734387	0.237671792488357	0.199434140687714	0.246801888212712	0.233262631026181	0.192800300684993	0.211792610453987	0.215792405014538	0.454222153834622	0.233683912854905	0.196380588743422	0.212115716339663	0.166865445052584	0.210885799179475	0.214109879927804	0	0.19545256632446	0.252238827146063	0.199139001337115	0.204108046311321	0.184903037724922	0.185152621958593	0.203241777785047	0.213523385726442	0.233044628524269	0.275714740382903
GCDF262	0.0687721484350135	0.0754382846444243	0.0997237036512657	0.0526822580898067	0.0712294332457311	0.110653237985315	0.0952298554281394	0.090451348685857	0.0582628279849134	0.0660496779124845	0.060993807917141	0.0834299030741959	0.112768364148309	0.0677817460300043	0.0927965759929985	0.0893585215689558	0.0859869190237739	0.11915066369781	0.0720613276153201	0.103995545437992	0.0785131991624531	0.0873721179110233	0.107141447526337	0.0906294299609432	0.100806812482952	0.0716060612990399	0.0659407576301483	0.0744822426614436	0.112969288038033	0.052682255780456	0.125761506834415	0.324235663871572	0.103247268558151	0.104755510397331	0.0769681171090765	0.0615730963534478	0.0925583927280674	0.165741194133656	0.0543599398900764	0.0728347458961335	0.0834167674560137	0.054380208931186	0.0676888912502262	0.0734204125562401	0.0806589895539513	0.073655579521349	0.0692563717150026	0.122287911428797	0.130259047328222	0.0788670523054521	0.151721825162325	0.118174675137106	0.080196294538451	0.0810153626582839	0.0733567231118378	0.489154916821104	0.112610662149058	0.17871402892651	0.10418902926448	0.0751506664197553	0.137684617831249	0.227574873753268	0.19545256632446	0	0.144623740303396	0.0649413081695034	0.0810871178265473	0.105888735173703	0.0610481266195726	0.0792212733114609	0.0706849805822577	0.0854342296681922	0.19904279020248
GCDF263	0.136455979047701	0.141131753101945	0.156783187724274	0.120844910556391	0.137076197361404	0.169528332021501	0.160359038905513	0.154175809443449	0.121038885975275	0.127806297211786	0.12735497462328	0.153940395856596	0.173955014295349	0.13406312877237	0.147179675937602	0.152933094405917	0.144173803372365	0.178315991140676	0.137462178452147	0.161967105843654	0.142053188586777	0.150339032231708	0.170022852944605	0.154561583667693	0.15143380114677	0.137765571587917	0.127776054251525	0.133284484986404	0.159130557995252	0.120844909526182	0.171684246660784	0.32743918165715	0.154025414149569	0.15673164598117	0.136078489097682	0.127236524879029	0.154313962473863	0.199062674071151	0.121930863331966	0.135671841262868	0.141690275114444	0.12240106887137	0.130045451901176	0.142897038316034	0.151368668077118	0.139393306685367	0.129404255687588	0.181219536698226	0.176728832789443	0.143036214164411	0.202007420963109	0.178455522566131	0.139963652355352	0.144128679269643	0.13306400740538	0.492512520816591	0.173381123522466	0.230427385166739	0.163705554800202	0.148440125238414	0.183471295907341	0.2601772716664	0.252238827146063	0.144623740303396	0	0.127206411664233	0.145344265708418	0.162355914655508	0.12837558700656	0.130455499383235	0.135962867940014	0.148960166319151	0.243820870262241
GCDF265	0.0403373041613535	0.0433476512894185	0.0671402864873108	0.0195437116884258	0.0391831357558869	0.0930785357462938	0.0629680535257465	0.0648307534630853	0.0304822553739403	0.0372123470285324	0.0314206545325843	0.0603401264871913	0.07593344746515	0.0322187243669172	0.0693987659884222	0.0599214948638521	0.0600117000591273	0.0947390322883924	0.0399835927581245	0.0867644117561856	0.0510072220455516	0.0613998968078934	0.0777065076987551	0.0640635104718232	0.0782109098226735	0.0400150300502175	0.0356088308899692	0.0533064737389184	0.0848580227807315	0.0195437088382967	0.107299833473834	0.306822109704066	0.0937218951305958	0.0908204700534392	0.0510982673596403	0.0254211125123982	0.0600112272294784	0.136269449359841	0.0212416619137682	0.0408469242128459	0.0508812697171563	0.0212416619890266	0.047367349869073	0.0587876784154261	0.0582872032366618	0.0399886368011886	0.0413440461976059	0.097889115318957	0.103507715663073	0.048475073829218	0.134284026055324	0.0894605676935177	0.0520156595216255	0.0569445053962144	0.0456860116824056	0.490808617888075	0.081750445745208	0.153621060199885	0.0694463832040477	0.0569591860126967	0.106072407987232	0.212850296493582	0.199139001337115	0.0649413081695034	0.127206411664233	0	0.0459515526890755	0.0842976702772307	0.0359211358608622	0.047193737305475	0.0466418858956207	0.0689402447279656	0.177247030392402
GCDF266	0.05209679054943	0.0562454163275584	0.086033084382764	0.0300952134379138	0.0490612067432717	0.105391031131148	0.0779180207637825	0.0843391378758231	0.0425890314985405	0.0616370622407306	0.0442243950686069	0.0744726077625246	0.0691182389479093	0.0402015823908526	0.0893934866921468	0.0655376751427398	0.0829864038587219	0.0883625848218799	0.0497955317524346	0.111676551232284	0.0620231127197092	0.0718911764202545	0.0878838116510047	0.0727800106761431	0.105553082068159	0.0498616637455093	0.0557650232480632	0.0809027861540366	0.114376960717367	0.0300952105434856	0.131290932571647	0.310247843915766	0.130378200776047	0.116623153684266	0.0719643449598942	0.0423755561086264	0.0706703070965078	0.145899174565619	0.0317191420254683	0.0505959886417846	0.0732371222716991	0.0317277311902456	0.0661698804434502	0.076860444977729	0.0792818923640733	0.0531263660752412	0.0536123370808182	0.106045843261962	0.121266612293895	0.0635166602830092	0.144992808199892	0.0977830301706839	0.0612473552199927	0.0706306493869334	0.0688048628431679	0.487544976099573	0.0803039251930184	0.141917570400042	0.0882978211298133	0.0660551870335834	0.109976261797728	0.20328983645698	0.204108046311321	0.0810871178265473	0.145344265708418	0.0459515526890755	0	0.0925973429899625	0.0497871675349847	0.0565698136283894	0.0569428978017484	0.0917359498338868	0.172214002169744
GCDF269	0.0776374731965438	0.086640129053984	0.105534012457638	0.0660812148730516	0.083899449086701	0.124509305316917	0.108261205688721	0.112766283987598	0.0768994134145253	0.0936477978083521	0.0779612341500593	0.106367958728412	0.123087158332569	0.0812026200430336	0.102879541352241	0.106667620233364	0.111026347285569	0.130435203409029	0.0833048469979655	0.132588232161872	0.0928410292424337	0.0963231662871561	0.120937337873108	0.106459682035928	0.126929376048572	0.084711872624478	0.0862138233514446	0.10352140610492	0.128179106898982	0.066081212212642	0.156849838115952	0.330019763924859	0.140598186150645	0.13774632557173	0.10179601522219	0.0764266766156211	0.10416917485947	0.136956378460081	0.0660812121373836	0.0855490036045361	0.104771032421426	0.066081212212642	0.0953256421618991	0.10597439977632	0.107274185094719	0.087908919373847	0.0828046780267749	0.124254805647364	0.142489901518054	0.0925205788608038	0.172213230695989	0.130015314660139	0.0955853235127047	0.101285936179185	0.0908605910160325	0.478863507810265	0.127102263478769	0.168312412357391	0.114068213041232	0.10020830435208	0.132852086025958	0.190176161382385	0.184903037724922	0.105888735173703	0.162355914655508	0.0842976702772307	0.0925973429899625	0	0.0838132065090567	0.0912192164910863	0.0968345115996069	0.115132985335558	0.213405234814443
GCDF272	0.0416046255315193	0.0475786920599263	0.0696019531613347	0.0207157631501202	0.0402085949676205	0.0952723444524136	0.0682467594178337	0.0712254421992434	0.0307613202568256	0.0471137789162722	0.0350150762107035	0.0609161119268398	0.0835144423098877	0.0368191981782215	0.0747722723718846	0.0657218940029241	0.0652728383288239	0.0922546628110035	0.0393949413502758	0.0926947929905822	0.0500748857404246	0.0621055628389421	0.0789520424611942	0.0649269394802325	0.0838470646754058	0.0409820134742091	0.0441625023430044	0.0599281717129428	0.0990906785232852	0.0207157599354031	0.112997558231306	0.307442439625962	0.105153614862098	0.0986580946906046	0.0543752447654954	0.0332071515496331	0.062494760529712	0.139751132427141	0.0224137130108747	0.0418723834245795	0.0517086625061553	0.0207157599354031	0.0490944491642894	0.0567885810753914	0.0661084861165345	0.0443095906891606	0.04479001325113	0.0967703242080681	0.112311357895684	0.0570483316639156	0.134923419454182	0.0901418129603068	0.0494017967897834	0.0611327799657981	0.0507712112645609	0.483656945854726	0.0881569242537624	0.153422682310897	0.0759149334026557	0.0529110360175672	0.111906653665232	0.206781093990712	0.185152621958593	0.0610481266195726	0.12837558700656	0.0359211358608622	0.0497871675349847	0.0838132065090567	0	0.0481796789951999	0.0518189803744205	0.0743518543213305	0.179670559073036
GCDF274	0.050179278496841	0.054531239518764	0.0844144905268243	0.0282992802942668	0.0473241574610725	0.102852244137062	0.0760739801282233	0.0825859009655136	0.0408397605924895	0.0597351853067827	0.0422566799503384	0.0730726188707231	0.0896803568107913	0.0443138194063471	0.0873755569184067	0.0758984433016693	0.0813771569254723	0.103308694324259	0.048109390707028	0.110431233251637	0.0602772455248568	0.070020163253025	0.0860410158080284	0.0715923663416896	0.104156924900834	0.0481093906317696	0.0540350554416878	0.0792854218320413	0.113122856564293	0.0282992768016728	0.130270507092578	0.309218002088142	0.128729666874866	0.115245897040674	0.0706116968878742	0.0405485129567108	0.068951607277297	0.144477412292753	0.0299486885543423	0.0489879459180314	0.0715810698880391	0.0299486886296007	0.0647319624896603	0.0746016859857723	0.0770777021958069	0.0513903068171607	0.0517528757942144	0.104046362574504	0.118993880001433	0.0631199282678691	0.146822193693934	0.0960963666815348	0.059613498435779	0.0695954562362396	0.0668585478243503	0.48980920513471	0.0956624828730569	0.165059761003111	0.0917932772350432	0.0643937404483858	0.117305113510652	0.210761406675282	0.203241777785047	0.0792212733114609	0.130455499383235	0.047193737305475	0.0565698136283894	0.0912192164910863	0.0481796789951999	0	0.064322618259625	0.090363281017	0.184861495714597
GCDF277	0.0577293524537424	0.0580898542145286	0.0802894950929013	0.0373338333108834	0.0564860621787081	0.106954248979537	0.0785692526836588	0.0770517286063746	0.0406352995019971	0.0455439970875629	0.0447483653522501	0.0816694420734138	0.0857325906705375	0.0488258757760203	0.0713006655751455	0.0676728114297595	0.068780156228729	0.10158129062767	0.057317956548297	0.089139227764775	0.0620126111263579	0.0786029804178109	0.093611930318252	0.0777795428428987	0.0787240102736637	0.0556724086366218	0.0446697277101603	0.0579299019517923	0.0942897947900223	0.037333830438479	0.115677555496193	0.316845261087321	0.0899800267258678	0.0897557917944711	0.0516314770217345	0.0422098115839139	0.077539648578474	0.152247616099288	0.0390317835139506	0.0556520020231755	0.0614800767389813	0.037275821497344	0.05059771638627	0.0725756709398043	0.0655358600232637	0.060614096264195	0.0557431433011185	0.113228394640516	0.122102291821831	0.0629867317361964	0.139117188488293	0.105540101689221	0.0693913254171911	0.0634717409207363	0.0579559407902486	0.496142391002539	0.089740955054459	0.156047177905537	0.0898462166689863	0.0738416952316207	0.11852177179823	0.227029683388243	0.213523385726442	0.0706849805822577	0.135962867940014	0.0466418858956207	0.0569428978017484	0.0968345115996069	0.0518189803744205	0.064322618259625	0	0.073868508704684	0.183694104179552
GCDF280	0.0819752585105222	0.0787344786592505	0.103607113764744	0.0641169041490334	0.0825727490538901	0.13048851760951	0.100908838513524	0.0892371992684073	0.0599718416730563	0.0627184155764002	0.0713808524111907	0.10171102335432	0.123817090020336	0.0793779235935271	0.0879363594482643	0.0951783614929276	0.0899054117387894	0.131854777139696	0.083404643423479	0.0959957051796444	0.0878718155953619	0.105298084601986	0.115731182837426	0.0997210351204631	0.0793143492003884	0.0834046433482206	0.0649542936471978	0.0657974778100698	0.0953399972482161	0.0641169023483691	0.117880094119094	0.333163462202958	0.084744218172449	0.0876419824933765	0.0621528223138114	0.0615641801345228	0.100850846674858	0.174756551029706	0.0641169022731107	0.0809454421014196	0.0893170817218947	0.0624189491976391	0.0597333829812329	0.088907132169815	0.0792654112282425	0.0819890927899666	0.0779045956642038	0.135963471888593	0.138044742491059	0.091078771400557	0.162691447056002	0.128655365545942	0.0940636969877012	0.0829664561333078	0.0707869009876793	0.505098730024665	0.124606964695785	0.196569768091043	0.109803664479217	0.0994226842968151	0.14897695417055	0.246264135069919	0.233044628524269	0.0854342296681922	0.148960166319151	0.0689402447279656	0.0917359498338868	0.115132985335558	0.0743518543213305	0.090363281017	0.073868508704684	0	0.215573843079384
GCDF285	0.181612972584036	0.184864591468464	0.208898454772854	0.164480289210057	0.178762053355876	0.214036179085573	0.192041741082012	0.207558573383575	0.174079327119721	0.190577200453992	0.175724663216658	0.197436256522332	0.185839267010151	0.169373471115838	0.21074135018268	0.188937081193382	0.208423970003772	0.215075328475749	0.179437455410759	0.232028200695611	0.179754897763934	0.195338167438302	0.203065256898602	0.197143874686174	0.226341510680739	0.179383182220838	0.185545689416955	0.208401915438548	0.233831389835387	0.164480287957974	0.221887738208729	0.34215110961837	0.247028500067465	0.234993289892722	0.199819077013267	0.174759891749632	0.194693300684895	0.253639774227684	0.165739816585273	0.179997667576177	0.199696203806635	0.165927146420334	0.194834480795896	0.200808931593642	0.204650684081093	0.182024857669015	0.184102207949065	0.219947651009819	0.222131212213726	0.182105398854485	0.245396389315526	0.215171865855504	0.172329700881183	0.184702171821787	0.196749921361304	0.476551719988235	0.192236105149443	0.236271499919545	0.210658760807204	0.18832149431862	0.223550049870303	0.304229239566308	0.275714740382903	0.19904279020248	0.243820870262241	0.177247030392402	0.172214002169744	0.213405234814443	0.179670559073036	0.184861495714597	0.183694104179552	0.215573843079384	0
