	GA11	GA13	GA19	GA2	GA21	GA23	GA25	GA27	GA28	GA31	GA32	GA35	GA37	GA39	GA41	GA43	GA45	GA51	GA53	GA58	GA59	GA60	GA63	GA71	GA72	GA74	GA78	GA82	GA84	GA85	GA88	GA91	GA93	GB106	GB107	GB112	GB116	GB139	GB144	GB145	GB156	GB160	GB162	GB166	GB167	GB170	GB173	GB177	GB188	GB190	GB192	GB98	GCDF195	GCDF198	GCDF205	GCDF212	GCDF216	GCDF220	GCDF224	GCDF227	GCDF228	GCDF231	GCDF237	GCDF247	GCDF256	GCDF260	GCDF267	GCDF271	GCDF275	GCDF278	GCDF282	GCDF286
GA11	0	0.151711049273309	0.222922889374417	0.148966372058638	0.0994775050359103	0.136985176614476	0.218996895802299	0.127159615846896	0.403996498295755	0.156527931790992	0.09780762444765	0.143851611608018	0.135006232707681	0.119403631890005	0.178816430549184	0.116357886238283	0.209124964671304	0.12511657121579	0.10270540385345	0.0994775050359103	0.392756838991184	0.103928907432506	0.180663137097744	0.187968655655156	0.650192599705975	0.13358502614021	0.11682448118978	0.144824336475759	0.101830913193435	0.146738711034867	0.131402165412602	0.193351729754511	0.0994775050359103	0.108780463956689	0.0994775050359103	0.124561242759228	0.103217423519275	0.0994775050359103	0.138861784937255	0.169803292688095	0.0994775050359103	0.176105927474277	0.0994775050359103	0.150838584427809	0.224699571474709	0.0994775050359103	0.138774210568329	0.10938446129398	0.0994775050359103	0.101769124437298	0.102675048678798	0.127900277778859	0.213906245550724	0.121513468515325	0.169803292688095	0.126738722502553	0.10359405546193	0.354608143519874	0.141163659112467	0.210354118401549	0.137919845577828	0.144071223233083	0.11283281516757	0.120609495245476	0.123180589695233	0.112561356983305	0.132987389576751	0.123831887329656	0.200157594120083	0.123876644667375	0.137021897616164	0.112334192242219
GA13	0.151711049273309	0	0.180465942587365	0.125049324499236	0.0630516846372624	0.112257549520394	0.141197280770149	0.111359074486024	0.424679829767256	0.130932141509321	0.0667920421310371	0.1264433234629	0.108235312098957	0.0858338015022302	0.149038450133921	0.0900958750509855	0.195243423334276	0.0911917446764431	0.0663628401140673	0.0630516846372624	0.365391626201495	0.0705875828109606	0.151267662682015	0.152310828612459	0.656772747786358	0.101105412694089	0.100324821743098	0.144130246243393	0.0655350511837186	0.133548357890862	0.10255912680066	0.139996057714928	0.0630516846372624	0.072302160935119	0.0630516846372624	0.0942978941543837	0.0670198810032823	0.0630516846372624	0.131410953410045	0.141800954260609	0.0630516846372624	0.147793196198164	0.0630516846372624	0.120816634610446	0.153406333178282	0.0630516846372624	0.107135776825475	0.0736421922767403	0.0630516846372624	0.065535051164904	0.0661920924868548	0.0968260997812254	0.194258551179159	0.0883456956820958	0.141800954260609	0.0942276575310965	0.067019881341945	0.351800612879522	0.123213386783997	0.18919768767676	0.134138778585828	0.115570276185419	0.0830559836079677	0.0834609854477222	0.0969035425646739	0.0786549273426786	0.101905189247595	0.0986140785277868	0.162841538475318	0.0896205872936983	0.104040378253117	0.0797689946537668
GA19	0.222922889374417	0.180465942587365	0	0.210886235113698	0.166228126734495	0.207698811504124	0.1350174009085	0.198187902757917	0.431202350842832	0.221008076210215	0.169218023095957	0.211049122020903	0.191104948450106	0.183959025282864	0.224579275637451	0.178192159875926	0.253696084474072	0.190277730462828	0.168860470443362	0.166228126734495	0.398654444350137	0.171104908723271	0.237670860018092	0.225170249627395	0.645694151069179	0.198615684070521	0.196920279093614	0.231486082509762	0.168544572900341	0.208331345702813	0.199119798237025	0.17425086132881	0.166228126734495	0.174272768914399	0.166228126734495	0.189974941840075	0.169697287219642	0.166228126734495	0.218481578760677	0.234678953434482	0.166228126734495	0.239204254753963	0.166228126734495	0.215998775861932	0.1373070458684	0.166228126734495	0.202717206055167	0.175363892896308	0.166228126734495	0.168408494367443	0.169170510550641	0.193869692292022	0.270654604666763	0.186601258249897	0.234678953434482	0.190787180674949	0.167932089342914	0.365444936460317	0.213844805918258	0.25048616483356	0.220288287820012	0.208299873058092	0.180403281379529	0.17541840856876	0.186115927796698	0.179497921500694	0.199202979115224	0.188636964572725	0.210203722326292	0.188128891598546	0.186644967032756	0.178901266363083
GA2	0.148966372058638	0.125049324499236	0.210886235113698	0	0.071482596147542	0.119248828766021	0.201078873899097	0.109106873020981	0.413725732552885	0.136468060709762	0.0751969445111098	0.126908011762708	0.10277044016755	0.0890452013764944	0.150828143548822	0.0922361832638883	0.188789755557523	0.088906944042655	0.0726988187266721	0.071482596147542	0.377054849507833	0.0757340338231638	0.155838680839298	0.158431097902734	0.662417300421782	0.0953230889457645	0.104460866482119	0.149213905944818	0.0739892726067943	0.12653616110258	0.102351794113414	0.169368453474358	0.071482596147542	0.0781424424112445	0.071482596147542	0.0925247233662039	0.0754256214231554	0.071482596147542	0.133146916788937	0.122849561029462	0.071482596147542	0.142374265600335	0.071482596147542	0.114227699981344	0.206039246453932	0.071482596147542	0.0990786329288073	0.0797783157252001	0.071482596147542	0.0739430420175947	0.0730966085737402	0.100112431593046	0.192302754957869	0.0912525722700538	0.122849561029462	0.0965885254507414	0.0751612510419253	0.356516385319257	0.123561314730482	0.191599238438137	0.140741817822511	0.103249279274182	0.0858201234215739	0.0949763574759768	0.0989829222624651	0.0853123069185801	0.10055652345446	0.103011129414569	0.180655749025519	0.0949698252735114	0.10617790610125	0.0833354680940057
GA21	0.0994775050359103	0.0630516846372624	0.166228126734495	0.071482596147542	0	0.0583655812937503	0.149975270183399	0.0544060920600337	0.405804011105287	0.0766041208660663	0.00422932467225826	0.0716889150760541	0.0522069834699534	0.0267226553258646	0.102782004357626	0.0304083973169327	0.153679751988613	0.0297141796862236	0.00339590630145988	0	0.35615425609579	0.0084404857133073	0.0997750419521272	0.106875477264626	0.658032010902058	0.0408843352901514	0.0415461371944408	0.0926886100434895	0.00254692972609491	0.0839131055681994	0.0455999127165838	0.115628028382557	0	0.0101877188291213	0	0.0350713731551712	0.00424488280156646	0	0.0764085443671605	0.0840486797569978	0	0.094561510879283	0	0.0611263127489523	0.154199924583387	0	0.0483974935016548	0.0110366952539694	0	0.00254692965083652	0.00339590622620149	0.0371085645920633	0.147046349641651	0.0271672501106455	0.0840486797569978	0.0347193713779702	0.00424488280156646	0.32687067037279	0.0671660193439686	0.148200929729324	0.0801481817557354	0.0561980281890643	0.0216363103251265	0.0288205041427805	0.0365227343646264	0.0174120118220647	0.0411118674797542	0.0397456061339589	0.125788269056515	0.0288459444888914	0.0518862788725381	0.0186841650818936
GA23	0.136985176614476	0.112257549520394	0.207698811504124	0.119248828766021	0.0583655812937503	0	0.192966399789609	0.104924382623097	0.402054534867556	0.127245447156255	0.062131296015448	0.117034487426281	0.104638837146187	0.0780103471355908	0.149924260084376	0.0850229806671239	0.196253371133347	0.0849835164468698	0.0616502315558568	0.0583655812937503	0.377727411311082	0.0657424333909846	0.14789627087914	0.153357375431994	0.650960707905317	0.0953076823680389	0.0909168560133137	0.116426324321315	0.0607233862533714	0.134298654254338	0.0987460175246903	0.162685115040854	0.0583655812937503	0.0680350214242935	0.0583655812937503	0.0897958293707684	0.0625109083649486	0.0583655812937503	0.117976759626257	0.136018915572251	0.0583655812937503	0.143852814524011	0.0583655812937503	0.114286237518595	0.195683790257934	0.0583655812937503	0.101611437351264	0.0687228654784085	0.0583655812937503	0.0607586018552985	0.0616808349285463	0.0924971157287509	0.190816948735955	0.0827193329806882	0.136018915572251	0.0831181880350065	0.0623499036512592	0.35157623796752	0.102290341160213	0.178753904941859	0.115463479337367	0.11070129623392	0.0768904305731106	0.0844089691009786	0.0908005205782676	0.0740063064590548	0.0954020515723963	0.0942956138251707	0.171530303027895	0.0842862440593014	0.104862931927647	0.0747140256706813
GA25	0.218996895802299	0.141197280770149	0.1350174009085	0.201078873899097	0.149975270183399	0.192966399789609	0	0.190889778198919	0.431771983401944	0.206429232024785	0.153070332397791	0.203024812306118	0.184007994736535	0.17076431203991	0.214430125025712	0.166474527707606	0.251399151153035	0.175250990673749	0.15283856134523	0.149975270183399	0.375767786996533	0.156355905149019	0.225122078444169	0.222693058351676	0.642184715680402	0.185021045213245	0.182040586427908	0.217669663329919	0.152344661529618	0.204037984588532	0.183547997376834	0.164897477197828	0.149975270183399	0.158565143593634	0.149975270183399	0.176339425278282	0.153687537920595	0.149975270183399	0.206792907262541	0.221418725571247	0.149975270183399	0.226370763710954	0.149975270183399	0.202047125784436	0.080268453467976	0.149975270183399	0.188817583476052	0.159414120093741	0.149975270183399	0.151989584769865	0.15283856134523	0.179074984593933	0.26055787052169	0.173414214391901	0.221418725571247	0.176032341188855	0.153509999465461	0.356998531956865	0.199463466991379	0.241318982357931	0.210522310262678	0.196272270866867	0.166720420046888	0.157619860888732	0.174753093094838	0.163667867355274	0.18443390943411	0.181480620658458	0.193193315105005	0.17252433499453	0.169689572865444	0.163914000295629
GA27	0.127159615846896	0.111359074486024	0.198187902757917	0.109106873020981	0.0544060920600337	0.104924382623097	0.190889778198919	0	0.404189444100014	0.119822067443771	0.0582012769653264	0.115485252756061	0.0973341377320314	0.0756449787171953	0.138315337879414	0.0822530214232628	0.189774571193589	0.0826300032098185	0.0576195557686416	0.0544060920600337	0.359065216448572	0.0609455558499604	0.141975707703769	0.150850463903161	0.653845957433335	0.0929364161283681	0.0852860377894507	0.113160712550385	0.0568922075885113	0.130828364234832	0.0952955363976835	0.156236022560283	0.0544060920600337	0.0637619406022508	0.0544060920600337	0.0825768662334392	0.0582882194318856	0.0544060920600337	0.113494019183998	0.133882013685776	0.0544060920600337	0.141902035158692	0.0544060920600337	0.11220475116914	0.193832463048624	0.0544060920600337	0.0992778055558	0.0647174443372271	0.0544060920600337	0.056762139755066	0.0575624950832189	0.0885607157730573	0.182841768845765	0.0797477481943188	0.133882013685776	0.0841999864299791	0.0584523105485873	0.344146351395833	0.107207051605325	0.183659932660786	0.103478856497642	0.104969079634457	0.0689890228136621	0.0812433004717935	0.0862213513917393	0.0707698825445741	0.0924240867936551	0.0803722082355031	0.168796738120492	0.0811746870402736	0.10220528361999	0.0713222775081492
GA28	0.403996498295755	0.424679829767256	0.431202350842832	0.413725732552885	0.405804011105287	0.402054534867556	0.431771983401944	0.404189444100014	0	0.420754440354578	0.407316365928361	0.418422490207836	0.401415631927625	0.413275023752993	0.42959794612846	0.403008474996596	0.424786968363656	0.423856024639775	0.407817334087208	0.405804011105287	0.515930363024124	0.40859750831368	0.442249808347586	0.435382178034445	0.60634367574345	0.42953646694771	0.407790703755437	0.398871367928958	0.407325144518505	0.401947580202661	0.417693338610909	0.42224624722895	0.405804011105287	0.411825946033603	0.405804011105287	0.414934797720476	0.408095537863597	0.405804011105287	0.419885579684768	0.455745401707563	0.405804011105287	0.45193508718953	0.405804011105287	0.441838806927806	0.434068797814726	0.405804011105287	0.430385506514347	0.412393503568389	0.405804011105287	0.407437732273882	0.407732117206159	0.423427664270305	0.437950596062824	0.421849194951732	0.455745401707563	0.404595723808414	0.408276979820897	0.498343400280885	0.413210609796071	0.433556477830868	0.409193234461727	0.435986756676375	0.407299060713161	0.411089928463252	0.411100652181741	0.411319688715116	0.428090522536124	0.41473693558664	0.428038732572035	0.414881461045959	0.421802900957339	0.408573781300073
GA31	0.156527931790992	0.130932141509321	0.221008076210215	0.136468060709762	0.0766041208660663	0.127245447156255	0.206429232024785	0.119822067443771	0.420754440354578	0	0.0802197926019253	0.138179879146393	0.114949013661556	0.0943320293468658	0.161095328012839	0.103136317014243	0.203049356211918	0.103728537701748	0.079572053099371	0.0766041208660663	0.384899833587685	0.0817703987763386	0.15786667068423	0.169789952762199	0.656261966686056	0.114377059813852	0.112864925027496	0.154640639821688	0.0789260057299727	0.148833225170771	0.115795936096798	0.126713667949191	0.0766041208660663	0.0860537826412856	0.0766041208660663	0.103211649797029	0.0806272868443318	0.0766041208660663	0.136237817449552	0.154214327233006	0.0766041208660663	0.161466741275908	0.0766041208660663	0.132906018972698	0.210825160823085	0.0766041208660663	0.120004656790483	0.0868632287501988	0.0766041208660663	0.0789379252666476	0.0796970076896627	0.109434230662087	0.135607182038854	0.101691451958484	0.154214327233006	0.105130706791474	0.080650107558779	0.347419117737298	0.126720526773069	0.203576949885999	0.141043004175328	0.12653018720448	0.0945104579394213	0.101712525850444	0.101695241876925	0.0919858296072543	0.111366248492039	0.107603793625127	0.183980437597693	0.101930611795097	0.122798773281351	0.0927952688300248
GA32	0.09780762444765	0.0667920421310371	0.169218023095957	0.0751969445111098	0.00422932467225826	0.062131296015448	0.153070332397791	0.0582012769653264	0.407316365928361	0.0802197926019253	0	0.0734029843876458	0.0560155305164781	0.0276166161456418	0.104487671300468	0.034429232274756	0.156720428605272	0.0338178339762369	0.00761086870963224	0.00422932467225826	0.357921647303032	0.0125994112182672	0.10321095450358	0.110283068757542	0.658529063667914	0.0449297191114212	0.0454600946460333	0.0961861208015394	0.00676548266030773	0.0874779641938706	0.0494559709396627	0.118977301993944	0.00422932467225826	0.0143739568596386	0.00422932467225826	0.0390267407079462	0.0084562544579232	0.00422932467225826	0.0800222365392579	0.0879225377934148	0.00422932467225826	0.0982093732154956	0.00422932467225826	0.0650971164889257	0.157263036859645	0.00422932467225826	0.0523457110605457	0.0152193426831879	0.00422932467225826	0.00676548258975299	0.00761086848856072	0.0355286318987763	0.150137336002757	0.0312816761387042	0.0879225377934148	0.0386709579492383	0.00845625468369837	0.328834186900746	0.0708923434481175	0.151403053230935	0.0837603977109973	0.060146920161905	0.0257131900835895	0.0328378267727341	0.0404676214998795	0.0215235238499714	0.0451386376999018	0.0436747601171109	0.129075138053546	0.0328896200434879	0.0558070797905928	0.0227588013783474
GA35	0.143851611608018	0.1264433234629	0.211049122020903	0.126908011762708	0.0716889150760541	0.117034487426281	0.203024812306118	0.115485252756061	0.418422490207836	0.138179879146393	0.0734029843876458	0	0.102869548646714	0.0916620904222281	0.157696568388304	0.0923162276640233	0.191641502684415	0.0889527136271801	0.074902351860973	0.0716889150760541	0.385377651212191	0.0781375543506007	0.158325373806586	0.158340144422696	0.658295266556017	0.108141294153727	0.0998485770095328	0.141074922349718	0.0728484215497067	0.133723761161996	0.106447642697304	0.171390033994961	0.0716889150760541	0.0764336830306083	0.0716889150760541	0.0967740026970554	0.0756380314835244	0.0716889150760541	0.132454778641613	0.128795102803093	0.0716889150760541	0.147477500695698	0.0716889150760541	0.108900460715622	0.205389142224584	0.0716889150760541	0.110816663074674	0.0789847631346096	0.0716889150760541	0.0724465822650477	0.0749475407799838	0.0968091165590467	0.19804901087826	0.0913511180892737	0.128795102803093	0.0992111339318481	0.0749865071283597	0.357524824112353	0.116323460439088	0.19265777206594	0.133623667672803	0.112263196336124	0.0913508028412859	0.0962539529051594	0.0980328464165631	0.084511664451448	0.100391564721411	0.105669535865838	0.177434833729734	0.096268903718076	0.113533144092394	0.0846698879725253
GA37	0.135006232707681	0.108235312098957	0.191104948450106	0.10277044016755	0.0522069834699534	0.104638837146187	0.184007994736535	0.0973341377320314	0.401415631927625	0.114949013661556	0.0560155305164781	0.102869548646714	0	0.0769988465160508	0.143803109071509	0.0717992699291143	0.154924320452141	0.0805357851915889	0.0555023235278298	0.0522069834699534	0.367138515518169	0.0506684117847019	0.125408333208826	0.145103951953728	0.652945700919989	0.0908050557805432	0.0900791476885177	0.118371427999903	0.0547063776451831	0.0999827487864579	0.0796195238903917	0.154101545329798	0.0522069834699534	0.0619418989453051	0.0522069834699534	0.0652404547377367	0.0563614958840789	0.0522069834699534	0.09941888196074	0.131867735825404	0.0522069834699534	0.139843912663484	0.0522069834699534	0.110296652793433	0.189862759708606	0.0522069834699534	0.0973256474003346	0.0627263117995527	0.0522069834699534	0.0545474320951134	0.055369885788873	0.0870017704469416	0.175307004703115	0.0779185641858012	0.131867735825404	0.0780325264604104	0.0562948025010451	0.335056446643189	0.107540943499918	0.174755833948953	0.119492440249282	0.0975797799500552	0.0721736970084785	0.0755065317181024	0.0778628220461836	0.0626455877973425	0.0891280862681492	0.0859343934653684	0.160321857846069	0.0783004974476015	0.0959978307587932	0.0553755387099403
GA39	0.119403631890005	0.0858338015022302	0.183959025282864	0.0890452013764944	0.0267226553258646	0.0780103471355908	0.17076431203991	0.0756449787171953	0.413275023752993	0.0943320293468658	0.0276166161456418	0.0916620904222281	0.0769988465160508	0	0.113023384925768	0.0549002024721392	0.174537095683392	0.05009645021831	0.0300085952345545	0.0267226553258646	0.36814829646939	0.0347658969377252	0.122794311644152	0.129117033952339	0.6616363573556	0.0565264569360274	0.063721857663959	0.115532399663194	0.0275644506939282	0.107122415121682	0.0703487489889893	0.133212173776231	0.0267226553258646	0.0363927123353186	0.0267226553258646	0.0562358674866082	0.0275719432028556	0.0267226553258646	0.100207976705272	0.0888784729188891	0.0267226553258646	0.109137057651286	0.0267226553258646	0.0734078034692717	0.175610779958655	0.0267226553258646	0.0684039625009955	0.0359419036346177	0.0267226553258646	0.0287763289730958	0.0266201816677972	0.0580633780244075	0.160834299682668	0.0467972666627229	0.0888784729188891	0.0599604402903957	0.0308193419354432	0.341211256505263	0.0899981986402035	0.162549426308786	0.100898625573727	0.0726500200013621	0.045813886072449	0.054682676238243	0.06216755680119	0.0393761756942805	0.0584640889287446	0.0604227062201861	0.146626104026882	0.0542479114268314	0.0718901158978391	0.0446020784091694
GA41	0.178816430549184	0.149038450133921	0.224579275637451	0.150828143548822	0.102782004357626	0.149924260084376	0.214430125025712	0.138315337879414	0.42959794612846	0.161095328012839	0.104487671300468	0.157696568388304	0.143803109071509	0.113023384925768	0	0.123854685358402	0.227243691306524	0.120419200523898	0.104418765438363	0.102782004357626	0.389987857654841	0.109631676824218	0.186690133050874	0.188557701077162	0.64193353508458	0.126739166945106	0.13400281818038	0.179389387646671	0.10391561666767	0.170940650956272	0.141209416039702	0.189405134606241	0.102782004357626	0.109485573563348	0.102782004357626	0.130392745061956	0.106771966296653	0.102782004357626	0.166360158548512	0.146589170755687	0.102782004357626	0.170410883133159	0.102782004357626	0.134622863926596	0.218137585379259	0.102782004357626	0.131609831090001	0.112248323603787	0.102782004357626	0.105105711730442	0.104291071367422	0.122260460366424	0.218129875533509	0.114744694555423	0.146589170755687	0.132365653037348	0.106585489026261	0.36722433386427	0.156108062601451	0.208925410225574	0.165572295082978	0.133312821407059	0.120248010330316	0.121469889706321	0.129851296746332	0.113684775665252	0.125756747564395	0.126976720377276	0.191600579603792	0.125943407689155	0.13291757535942	0.118327515364408
GA43	0.116357886238283	0.0900958750509855	0.178192159875926	0.0922361832638883	0.0304083973169327	0.0850229806671239	0.166474527707606	0.0822530214232628	0.403008474996596	0.103136317014243	0.034429232274756	0.0923162276640233	0.0717992699291143	0.0549002024721392	0.123854685358402	0	0.156510230417203	0.0530712342623508	0.0338043036183926	0.0304083973169327	0.370423847677732	0.0385407666779227	0.125488699931237	0.131954968577684	0.66151118579537	0.0605490220466045	0.0690347387107334	0.118707532025497	0.0314251368846556	0.0925605881799276	0.0739161295421196	0.139623199523699	0.0304083973169327	0.04034109217952	0.0304083973169327	0.0641166611828587	0.0327853110402521	0.0304083973169327	0.102924732359672	0.0944999667129131	0.0304083973169327	0.110093583080052	0.0304083973169327	0.076675965102634	0.170166567043223	0.0304083973169327	0.0706462937059125	0.0326980499155594	0.0304083973169327	0.0328703189287523	0.0338043035431342	0.0627714993907502	0.17042743106081	0.0470456436577469	0.0944999667129131	0.0633595898897961	0.0328703190040107	0.340665362248517	0.0928403041842911	0.162907544975028	0.104945739336086	0.0751842418027045	0.0515148967805535	0.0541690454790086	0.0596580112381189	0.0469388653232594	0.0622738601846827	0.068574723731162	0.148072609771984	0.0532360724879034	0.067415056486774	0.0483463562347672
GA45	0.209124964671304	0.195243423334276	0.253696084474072	0.188789755557523	0.153679751988613	0.196253371133347	0.251399151153035	0.189774571193589	0.424786968363656	0.203049356211918	0.156720428605272	0.191641502684415	0.154924320452141	0.174537095683392	0.227243691306524	0.156510230417203	0	0.178456204331884	0.1565335886647	0.153679751988613	0.41437815174912	0.147507894069257	0.207263095661847	0.230425049861272	0.660281977870248	0.188297232217861	0.184745130740633	0.214786448337213	0.155894945366214	0.171822323040529	0.186690289790582	0.233815442958865	0.153679751988613	0.162244532144431	0.153679751988613	0.154693131495004	0.157255695248493	0.153679751988613	0.18267732572676	0.224811851677268	0.153679751988613	0.2275683482488	0.153679751988613	0.205354670683543	0.25350992088065	0.153679751988613	0.192357640751082	0.162851889326115	0.153679751988613	0.155866682755225	0.156535712456462	0.180433512110301	0.261980992676032	0.176631729109119	0.224811851677268	0.167772115706795	0.157301533703852	0.31962462556031	0.194813644268898	0.254211232066154	0.208669791618983	0.185305804842048	0.170290704778951	0.169775890129985	0.167212300002575	0.166986115878881	0.184367714506207	0.181730889160224	0.232604986037871	0.176029299621028	0.184790743797114	0.167110151790007
GA51	0.12511657121579	0.0911917446764431	0.190277730462828	0.088906944042655	0.0297141796862236	0.0849835164468698	0.175250990673749	0.0826300032098185	0.423856024639775	0.103728537701748	0.0338178339762369	0.0889527136271801	0.0805357851915889	0.05009645021831	0.120419200523898	0.0530712342623508	0.178456204331884	0	0.0280162265354937	0.0297141796862236	0.375116343450065	0.0379317078476	0.126821276120315	0.133393107904027	0.668205043282172	0.0451500752395151	0.0668115235037274	0.119560438274133	0.0305631562615886	0.111267427942066	0.0739686608766064	0.141105970047941	0.0297141796862236	0.031412132912212	0.0297141796862236	0.0605704081856241	0.0339590624877901	0.0297141796862236	0.103709395090588	0.0543345000707742	0.0297141796862236	0.0919647406259872	0.0297141796862236	0.0466937111182646	0.179475645148995	0.0297141796862236	0.0521516522975883	0.0322611091865434	0.0297141796862236	0.0305631561863302	0.0314121327616952	0.0508937222045828	0.172449795811465	0.0314121326864368	0.0543345000707742	0.0619093978946859	0.0322611094875769	0.346732590385158	0.0835686202038719	0.15557560414979	0.105357087019718	0.0554587671514412	0.0475445761524066	0.0543856809687133	0.0628825923935934	0.0425693405547527	0.049035424479481	0.0662962157570879	0.149486530064182	0.0513999170501425	0.0646773746820411	0.0477767369587614
GA53	0.10270540385345	0.0663628401140673	0.168860470443362	0.0726988187266721	0.00339590630145988	0.0616502315558568	0.15283856134523	0.0576195557686416	0.407817334087208	0.079572053099371	0.00761086870963224	0.074902351860973	0.0555023235278298	0.0300085952345545	0.104418765438363	0.0338043036183926	0.1565335886647	0.0280162265354937	0	0.00339590630145988	0.358259653503245	0.0117958542523962	0.102870421860405	0.11004282511545	0.659191660808794	0.0408843352901514	0.0432116839696061	0.0957181333103264	0.00594283602755479	0.0872179726985368	0.0487706648430439	0.118509547954256	0.00339590630145988	0.0135836251305811	0.00339590630145988	0.0375164276308785	0.00764078910302634	0.00339590630145988	0.0795474357037532	0.0806527734555379	0.00339590630145988	0.0961792015404713	0.00339590630145988	0.0577304064474925	0.156885677365342	0.00339590630145988	0.0500218379264227	0.0144326015554293	0.00339590630145988	0.0059428359522964	0.00509385937693143	0.037054472605755	0.150023162440218	0.0288652032613754	0.0806527734555379	0.0380321315141639	0.00764078910302634	0.329202106504729	0.0689014323582553	0.148195649073883	0.0832487015862658	0.0545520924332768	0.0249182079175506	0.0305184572935104	0.0399186406660863	0.0199315127248716	0.0411118674797542	0.0412001488165873	0.128556299202069	0.0322418507903513	0.0518862788725381	0.0220146390299002
GA58	0.0994775050359103	0.0630516846372624	0.166228126734495	0.071482596147542	0	0.0583655812937503	0.149975270183399	0.0544060920600337	0.405804011105287	0.0766041208660663	0.00422932467225826	0.0716889150760541	0.0522069834699534	0.0267226553258646	0.102782004357626	0.0304083973169327	0.153679751988613	0.0297141796862236	0.00339590630145988	0	0.35615425609579	0.0084404857133073	0.0997750419521272	0.106875477264626	0.658032010902058	0.0408843352901514	0.0415461371944408	0.0926886100434895	0.00254692972609491	0.0839131055681994	0.0455999127165838	0.115628028382557	0	0.0101877188291213	0	0.0350713731551712	0.00424488280156646	0	0.0764085443671605	0.0840486797569978	0	0.094561510879283	0	0.0611263127489523	0.154199924583387	0	0.0483974935016548	0.0110366952539694	0	0.00254692965083652	0.00339590622620149	0.0371085645920633	0.147046349641651	0.0271672501106455	0.0840486797569978	0.0347193713779702	0.00424488280156646	0.32687067037279	0.0671660193439686	0.148200929729324	0.0801481817557354	0.0561980281890643	0.0216363103251265	0.0288205041427805	0.0365227343646264	0.0174120118220647	0.0411118674797542	0.0397456061339589	0.125788269056515	0.0288459444888914	0.0518862788725381	0.0186841650818936
GA59	0.392756838991184	0.365391626201495	0.398654444350137	0.377054849507833	0.35615425609579	0.377727411311082	0.375767786996533	0.359065216448572	0.515930363024124	0.384899833587685	0.357921647303032	0.385377651212191	0.367138515518169	0.36814829646939	0.389987857654841	0.370423847677732	0.41437815174912	0.375116343450065	0.358259653503245	0.35615425609579	0	0.357107601382516	0.38706266338175	0.400997840394877	0.677225958217274	0.381974982793885	0.374929723113474	0.38409046211628	0.357713321844737	0.390251090129216	0.375677836663795	0.377119839191437	0.35615425609579	0.362567568367178	0.35615425609579	0.364697831447678	0.358938779192741	0.35615425609579	0.383339153395759	0.41026863756806	0.35615425609579	0.369465251011078	0.35615425609579	0.395356201463275	0.370445880474466	0.35615425609579	0.383137220084065	0.363110632306398	0.35615425609579	0.357873467182872	0.358220284936404	0.375873348929665	0.415448902833341	0.373516609271367	0.41026863756806	0.362814139537137	0.359030408389641	0.487756994336542	0.382999487296499	0.392966969446702	0.381253663939659	0.386253681748804	0.359117867970707	0.363147850289489	0.369525098740452	0.365030244444356	0.379952438853004	0.356869438380906	0.398756119337949	0.357943020986788	0.378572560771547	0.364277099720155
GA60	0.103928907432506	0.0705875828109606	0.171104908723271	0.0757340338231638	0.0084404857133073	0.0657424333909846	0.156355905149019	0.0609455558499604	0.40859750831368	0.0817703987763386	0.0125994112182672	0.0781375543506007	0.0506684117847019	0.0347658969377252	0.109631676824218	0.0385407666779227	0.147507894069257	0.0379317078476	0.0117958542523962	0.0084404857133073	0.357107601382516	0	0.0967310521601126	0.113618353870932	0.656611827888874	0.0489491034637798	0.0493964720141105	0.0969983305819709	0.0109671466052532	0.0911649292090324	0.053358918055892	0.122322983832823	0.0084404857133073	0.0185065914622762	0.0084404857133073	0.036221988668496	0.0126650996054664	0.0084404857133073	0.0706649249927564	0.0917797552214728	0.0084404857133073	0.101787634306785	0.0084404857133073	0.0689992702594309	0.160401442906622	0.0084404857133073	0.0562890832208925	0.0194366432801642	0.0084404857133073	0.0109468776582166	0.0117755852677304	0.0451127499697314	0.153122864663601	0.0354050471814293	0.0917797552214728	0.0401117034783267	0.0126650996619102	0.323708014355765	0.071176040353197	0.15190312582435	0.0842722288775023	0.0598622649494145	0.0296707892545847	0.0368460774083029	0.042667182914988	0.025626574539476	0.0486245973769462	0.0469249779631318	0.129806749097006	0.0370245181739029	0.0597670966891026	0.0267461661362287
GA63	0.180663137097744	0.151267662682015	0.237670860018092	0.155838680839298	0.0997750419521272	0.14789627087914	0.225122078444169	0.141975707703769	0.442249808347586	0.15786667068423	0.10321095450358	0.158325373806586	0.125408333208826	0.122794311644152	0.186690133050874	0.125488699931237	0.207263095661847	0.126821276120315	0.102870421860405	0.0997750419521272	0.38706266338175	0.0967310521601126	0	0.187110199357825	0.666473240563364	0.136204002274558	0.134437714599901	0.171187507891745	0.102127043718491	0.167216957085813	0.137215931495332	0.194780368884706	0.0997750419521272	0.10906945054203	0.0997750419521272	0.118105717398452	0.10354073938321	0.0997750419521272	0.142566200195238	0.175437760473502	0.0997750419521272	0.180693272651747	0.0997750419521272	0.155081994605787	0.226734439814181	0.0997750419521272	0.141739461759124	0.109723499044776	0.0997750419521272	0.102021445134523	0.102850152950997	0.131854136130833	0.220978342372962	0.124432736970108	0.175437760473502	0.123521330945119	0.103597531245664	0.36342923885042	0.148552190343087	0.218019828877666	0.1623852723137	0.143821378831159	0.117755839638788	0.123913444352872	0.128090428677623	0.114805574030286	0.134533262143683	0.131611361511691	0.199688479059724	0.124260000978606	0.144042555524996	0.115226766282711
GA71	0.187968655655156	0.152310828612459	0.225170249627395	0.158431097902734	0.106875477264626	0.153357375431994	0.222693058351676	0.150850463903161	0.435382178034445	0.169789952762199	0.110283068757542	0.158340144422696	0.145103951953728	0.129117033952339	0.188557701077162	0.131954968577684	0.230425049861272	0.133393107904027	0.11004282511545	0.106875477264626	0.400997840394877	0.113618353870932	0.187110199357825	0	0.64299730881296	0.142848693248298	0.14016710334655	0.176710695404597	0.109092495357147	0.153206256491066	0.127838801554959	0.191445758171154	0.106875477264626	0.116438699716871	0.106875477264626	0.129325937178701	0.11065690279609	0.106875477264626	0.16925801912492	0.181941412088245	0.106875477264626	0.187689587266909	0.106875477264626	0.161270735540775	0.214576407965988	0.106875477264626	0.148487578381342	0.116886820305477	0.106875477264626	0.109355855168718	0.110046550593894	0.138446197040718	0.205471128150068	0.131345445534798	0.181941412088245	0.135010382499207	0.110648760440374	0.344747504652149	0.162531621152102	0.22458038046354	0.172713870709442	0.155753233460615	0.124603650034076	0.128443288757946	0.13711725324016	0.116006880290712	0.143460759008774	0.139137330276873	0.191465146199922	0.131851698977478	0.151403025808659	0.109910191149648
GA72	0.650192599705975	0.656772747786358	0.645694151069179	0.662417300421782	0.658032010902058	0.650960707905317	0.642184715680402	0.653845957433335	0.60634367574345	0.656261966686056	0.658529063667914	0.658295266556017	0.652945700919989	0.6616363573556	0.64193353508458	0.66151118579537	0.660281977870248	0.668205043282172	0.659191660808794	0.658032010902058	0.677225958217274	0.656611827888874	0.666473240563364	0.64299730881296	0	0.671457370122274	0.655037491610556	0.634772568038016	0.658898728664475	0.654330431812941	0.655910343834848	0.646223965317312	0.658032010902058	0.661516795856784	0.658032010902058	0.655314257048597	0.659471558802056	0.658032010902058	0.648196422692501	0.686773962444729	0.658032010902058	0.6787388041766	0.658032010902058	0.678942553322725	0.641769304420009	0.658032010902058	0.670449155749697	0.661783498344999	0.658032010902058	0.658931464859934	0.659172093025362	0.658962743450897	0.648656030495962	0.667402557050339	0.686773962444729	0.656710129193585	0.659492582985849	0.647433917329769	0.649487010758332	0.645916331296015	0.646974274004349	0.672873248355557	0.659818356687372	0.655889756751783	0.658128084558429	0.657958600858245	0.670201389476506	0.662568831684613	0.636498896160511	0.659805998055622	0.665494956151404	0.654622183905707
GA74	0.13358502614021	0.101105412694089	0.198615684070521	0.0953230889457645	0.0408843352901514	0.0953076823680389	0.185021045213245	0.0929364161283681	0.42953646694771	0.114377059813852	0.0449297191114212	0.108141294153727	0.0908050557805432	0.0565264569360274	0.126739166945106	0.0605490220466045	0.188297232217861	0.0451500752395151	0.0408843352901514	0.0408843352901514	0.381974982793885	0.0489491034637798	0.136204002274558	0.142848693248298	0.671457370122274	0	0.0771053621376103	0.129862548124911	0.0417333118655164	0.121267104803613	0.0843630559140384	0.151038704684587	0.0408843352901514	0.0391667848735145	0.0408843352901514	0.073841777338524	0.0400562161448026	0.0408843352901514	0.113970370944401	0.0486502682018762	0.0408843352901514	0.0933955129273612	0.0408843352901514	0.0478000315376604	0.188554415121825	0.0408843352901514	0.054656866881432	0.0468480284655034	0.0408843352901514	0.0434312649409879	0.0391863822146799	0.0587888132411392	0.181186512789943	0.0393077455122363	0.0486502682018762	0.0725966340325999	0.0400353586395281	0.353981622090243	0.0987899278036573	0.154206934940032	0.116127568268866	0.0548989036581432	0.0536577973439537	0.0672532910989089	0.0740488176281103	0.0485597862626868	0.0465057211354224	0.0712291838206125	0.159308517596336	0.0607533315290706	0.0639114030307592	0.0587324794532374
GA78	0.11682448118978	0.100324821743098	0.196920279093614	0.104460866482119	0.0415461371944408	0.0909168560133137	0.182040586427908	0.0852860377894507	0.407790703755437	0.112864925027496	0.0454600946460333	0.0998485770095328	0.0900791476885177	0.063721857663959	0.13400281818038	0.0690347387107334	0.184745130740633	0.0668115235037274	0.0432116839696061	0.0415461371944408	0.374929723113474	0.0493964720141105	0.134437714599901	0.14016710334655	0.655037491610556	0.0771053621376103	0	0.105129643879605	0.0440930669205357	0.119440798468963	0.067242226215324	0.148176289455156	0.0415461371944408	0.0512332075247259	0.0415461371944408	0.0732799854806878	0.0455758937756823	0.0415461371944408	0.10378759632809	0.112931212993583	0.0415461371944408	0.126205993383521	0.0415461371944408	0.0924154855310917	0.185311828862236	0.0415461371944408	0.080976921952132	0.0522573515020236	0.0415461371944408	0.0440151183442636	0.0447269172755757	0.0751737942251396	0.17739548714775	0.0643805323375596	0.112931212993583	0.0733669564654731	0.0440151183442636	0.341460307138135	0.0942521641275497	0.171415841639644	0.0958543660664799	0.0874018719551539	0.0612020933944167	0.0685322787048239	0.0755652852657467	0.056965533455815	0.0809084703261503	0.0781966932870523	0.158369173587422	0.068609569221735	0.086696394389928	0.0590598498932039
GA82	0.144824336475759	0.144130246243393	0.231486082509762	0.149213905944818	0.0926886100434895	0.116426324321315	0.217669663329919	0.113160712550385	0.398871367928958	0.154640639821688	0.0961861208015394	0.141074922349718	0.118371427999903	0.115532399663194	0.179389387646671	0.118707532025497	0.214786448337213	0.119560438274133	0.0957181333103264	0.0926886100434895	0.38409046211628	0.0969983305819709	0.171187507891745	0.176710695404597	0.634772568038016	0.129862548124911	0.105129643879605	0	0.094969203037144	0.150481369384009	0.119573363996666	0.190739050601618	0.0926886100434895	0.101834629897517	0.0926886100434895	0.110084094728033	0.096340503092065	0.0926886100434895	0.125449011704386	0.16894693484511	0.0926886100434895	0.175076744227548	0.0926886100434895	0.148261225453079	0.222185113721273	0.0926886100434895	0.135197420576305	0.102915558531278	0.0926886100434895	0.0950486907791911	0.0957057724208242	0.124980851099369	0.208231716294481	0.117503534419218	0.16894693484511	0.118316229620967	0.0965783122099108	0.35557693604267	0.11984992646283	0.190631299194964	0.117096843856453	0.138617995110425	0.111086894504049	0.116860142504477	0.120500331161299	0.104042543117145	0.128750389178443	0.124554182205236	0.197797122100989	0.11715949471626	0.137891111048785	0.0995024210124305
GA84	0.101830913193435	0.0655350511837186	0.168544572900341	0.0739892726067943	0.00254692972609491	0.0607233862533714	0.152344661529618	0.0568922075885113	0.407325144518505	0.0789260057299727	0.00676548266030773	0.0728484215497067	0.0547063776451831	0.0275644506939282	0.10391561666767	0.0314251368846556	0.155894945366214	0.0305631562615886	0.00594283602755479	0.00254692972609491	0.357713321844737	0.0109671466052532	0.102127043718491	0.109092495357147	0.658898728664475	0.0417333118655164	0.0440930669205357	0.094969203037144	0	0.0862501478481172	0.0480501869260663	0.118054037292798	0.00254692972609491	0.0127346485552162	0.00254692972609491	0.0358900075985326	0.00679181252766137	0.00254692972609491	0.0787015188711159	0.0815017500309029	0.00254692972609491	0.0970918633833979	0.00254692972609491	0.0602773361735874	0.156214239169853	0.00254692972609491	0.0508708145582315	0.0118856718293344	0.00254692972609491	0.00509385937693143	0.0059428359522964	0.0362598955838506	0.149382041560279	0.0280162266860105	0.0815017500309029	0.0371350504156917	0.00679181252766137	0.328498048914803	0.0693957869603176	0.1500489355413	0.0823722421520888	0.0587117945718946	0.0241224257783456	0.0313674338688754	0.0388674204886863	0.0190469686205339	0.0420590897815095	0.0405882049935183	0.128091147940869	0.0296949210642564	0.0527352554479031	0.0211656624545353
GA85	0.146738711034867	0.133548357890862	0.208331345702813	0.12653616110258	0.0839131055681994	0.134298654254338	0.204037984588532	0.130828364234832	0.401947580202661	0.148833225170771	0.0874779641938706	0.133723761161996	0.0999827487864579	0.107122415121682	0.170940650956272	0.0925605881799276	0.171822323040529	0.111267427942066	0.0872179726985368	0.0839131055681994	0.390251090129216	0.0911649292090324	0.167216957085813	0.153206256491066	0.654330431812941	0.121267104803613	0.119440798468963	0.150481369384009	0.0862501478481172	0	0.0911825487408975	0.177803780243854	0.0839131055681994	0.093178324852929	0.0839131055681994	0.100546649252676	0.0877422583148335	0.0839131055681994	0.148436268340006	0.160232148236699	0.0839131055681994	0.166113874809158	0.0839131055681994	0.139435987091727	0.204869116835221	0.0839131055681994	0.126839911941477	0.0935557817268853	0.0839131055681994	0.0863735514382521	0.0870945691460311	0.11622323219011	0.178232373933148	0.109086153257375	0.160232148236699	0.113539933179966	0.0877746225833291	0.358808453937974	0.141631827736744	0.205685759320705	0.152179839108327	0.135258493700413	0.102567045864734	0.103518491516812	0.109278241699242	0.086652683225846	0.119970353019207	0.117604300309198	0.182263526087156	0.10790952851977	0.119333403316712	0.0787635748509807
GA88	0.131402165412602	0.10255912680066	0.199119798237025	0.102351794113414	0.0455999127165838	0.0987460175246903	0.183547997376834	0.0952955363976835	0.417693338610909	0.115795936096798	0.0494559709396627	0.106447642697304	0.0796195238903917	0.0703487489889893	0.141209416039702	0.0739161295421196	0.186690289790582	0.0739686608766064	0.0487706648430439	0.0455999127165838	0.375677836663795	0.053358918055892	0.137215931495332	0.127838801554959	0.655910343834848	0.0843630559140384	0.067242226215324	0.119573363996666	0.0480501869260663	0.0911825487408975	0	0.152218506342233	0.0455999127165838	0.0552297353443473	0.0455999127165838	0.0631292516911271	0.0497137725052207	0.0455999127165838	0.115612015335096	0.125815977126059	0.0455999127165838	0.133857447164829	0.0455999127165838	0.103974470887521	0.18726207537934	0.0455999127165838	0.0910041206563362	0.0561175647031779	0.0455999127165838	0.0480501867002911	0.0488667569000914	0.0799814232695712	0.156564293137629	0.071332085689511	0.125815977126059	0.0772736602359348	0.0496430763918342	0.348146206652275	0.107515309231751	0.180242414426322	0.11888610445565	0.0988978559546398	0.0657376526205829	0.0721617148756379	0.0773236994829142	0.0522245490885895	0.0846348036870812	0.08224307669496	0.16082832194639	0.0727921995625953	0.0944969261234457	0.0378549161785743
GA91	0.193351729754511	0.139996057714928	0.17425086132881	0.169368453474358	0.115628028382557	0.162685115040854	0.164897477197828	0.156236022560283	0.42224624722895	0.126713667949191	0.118977301993944	0.171390033994961	0.154101545329798	0.133212173776231	0.189405134606241	0.139623199523699	0.233815442958865	0.141105970047941	0.118509547954256	0.115628028382557	0.377119839191437	0.122322983832823	0.194780368884706	0.191445758171154	0.646223965317312	0.151038704684587	0.148176289455156	0.190739050601618	0.118054037292798	0.177803780243854	0.152218506342233	0	0.115628028382557	0.122913505693879	0.115628028382557	0.143757852960867	0.119631069326642	0.115628028382557	0.176226766798833	0.188049450516701	0.115628028382557	0.192354826952773	0.115628028382557	0.168573873286897	0.144739809850551	0.115628028382557	0.15574070071858	0.125200252942365	0.115628028382557	0.117838109909284	0.118509547878997	0.14646358952595	0.166203448341952	0.140076511135005	0.188049450516701	0.143508926560782	0.119691529960343	0.359413567064989	0.165199170547603	0.222852520757552	0.179111723985636	0.163210849945593	0.132015855023355	0.132899227994259	0.143138830653495	0.129644399678165	0.149380886851989	0.146374156675066	0.188477607688518	0.139291129667651	0.156393989469066	0.130388555201617
GA93	0.0994775050359103	0.0630516846372624	0.166228126734495	0.071482596147542	0	0.0583655812937503	0.149975270183399	0.0544060920600337	0.405804011105287	0.0766041208660663	0.00422932467225826	0.0716889150760541	0.0522069834699534	0.0267226553258646	0.102782004357626	0.0304083973169327	0.153679751988613	0.0297141796862236	0.00339590630145988	0	0.35615425609579	0.0084404857133073	0.0997750419521272	0.106875477264626	0.658032010902058	0.0408843352901514	0.0415461371944408	0.0926886100434895	0.00254692972609491	0.0839131055681994	0.0455999127165838	0.115628028382557	0	0.0101877188291213	0	0.0350713731551712	0.00424488280156646	0	0.0764085443671605	0.0840486797569978	0	0.094561510879283	0	0.0611263127489523	0.154199924583387	0	0.0483974935016548	0.0110366952539694	0	0.00254692965083652	0.00339590622620149	0.0371085645920633	0.147046349641651	0.0271672501106455	0.0840486797569978	0.0347193713779702	0.00424488280156646	0.32687067037279	0.0671660193439686	0.148200929729324	0.0801481817557354	0.0561980281890643	0.0216363103251265	0.0288205041427805	0.0365227343646264	0.0174120118220647	0.0411118674797542	0.0397456061339589	0.125788269056515	0.0288459444888914	0.0518862788725381	0.0186841650818936
GB106	0.108780463956689	0.072302160935119	0.174272768914399	0.0781424424112445	0.0101877188291213	0.0680350214242935	0.158565143593634	0.0637619406022508	0.411825946033603	0.0860537826412856	0.0143739568596386	0.0764336830306083	0.0619418989453051	0.0363927123353186	0.109485573563348	0.04034109217952	0.162244532144431	0.031412132912212	0.0135836251305811	0.0101877188291213	0.362567568367178	0.0185065914622762	0.10906945054203	0.116438699716871	0.661516795856784	0.0391667848735145	0.0512332075247259	0.101834629897517	0.0127346485552162	0.093178324852929	0.0552297353443473	0.122913505693879	0.0101877188291213	0	0.0101877188291213	0.0449822583057062	0.0144326016306877	0.0101877188291213	0.0856620350833794	0.0738609609278766	0.0101877188291213	0.0903270284861627	0.0101877188291213	0.0560324533720209	0.162612259689004	0.0101877188291213	0.0482502761249891	0.0178285077816308	0.0101877188291213	0.0127346484799578	0.0135836250553227	0.0437374433977755	0.155638267370788	0.0322611094875769	0.0738609609278766	0.0446095474327754	0.0127346484799578	0.334307636124919	0.076968000166946	0.149645599941112	0.0881421873440044	0.0546384092156935	0.0283212552618499	0.0388408681810504	0.045435613886726	0.0274574608739578	0.0427955790150045	0.047822564675689	0.133273113067403	0.0371774173896722	0.0585051236128566	0.0285774382075878
GB107	0.0994775050359103	0.0630516846372624	0.166228126734495	0.071482596147542	0	0.0583655812937503	0.149975270183399	0.0544060920600337	0.405804011105287	0.0766041208660663	0.00422932467225826	0.0716889150760541	0.0522069834699534	0.0267226553258646	0.102782004357626	0.0304083973169327	0.153679751988613	0.0297141796862236	0.00339590630145988	0	0.35615425609579	0.0084404857133073	0.0997750419521272	0.106875477264626	0.658032010902058	0.0408843352901514	0.0415461371944408	0.0926886100434895	0.00254692972609491	0.0839131055681994	0.0455999127165838	0.115628028382557	0	0.0101877188291213	0	0.0350713731551712	0.00424488280156646	0	0.0764085443671605	0.0840486797569978	0	0.094561510879283	0	0.0611263127489523	0.154199924583387	0	0.0483974935016548	0.0110366952539694	0	0.00254692965083652	0.00339590622620149	0.0371085645920633	0.147046349641651	0.0271672501106455	0.0840486797569978	0.0347193713779702	0.00424488280156646	0.32687067037279	0.0671660193439686	0.148200929729324	0.0801481817557354	0.0561980281890643	0.0216363103251265	0.0288205041427805	0.0365227343646264	0.0174120118220647	0.0411118674797542	0.0397456061339589	0.125788269056515	0.0288459444888914	0.0518862788725381	0.0186841650818936
GB112	0.124561242759228	0.0942978941543837	0.189974941840075	0.0925247233662039	0.0350713731551712	0.0897958293707684	0.176339425278282	0.0825768662334392	0.414934797720476	0.103211649797029	0.0390267407079462	0.0967740026970554	0.0652404547377367	0.0562358674866082	0.130392745061956	0.0641166611828587	0.154693131495004	0.0605704081856241	0.0375164276308785	0.0350713731551712	0.364697831447678	0.036221988668496	0.118105717398452	0.129325937178701	0.655314257048597	0.073841777338524	0.0732799854806878	0.110084094728033	0.0358900075985326	0.100546649252676	0.0631292516911271	0.143757852960867	0.0350713731551712	0.0449822583057062	0.0350713731551712	0	0.0392333476644273	0.0350713731551712	0.0924425354660159	0.109085189630136	0.0350713731551712	0.123052338232296	0.0350713731551712	0.0875380580322911	0.180530705856103	0.0350713731551712	0.0788949524626286	0.0457831749861891	0.0350713731551712	0.0374741225569236	0.0383379960790126	0.0677432340635645	0.159477821541856	0.060558445939813	0.109085189630136	0.0525952542031353	0.0392333475703543	0.334683425047181	0.0936366388141507	0.168806661785853	0.107237048390688	0.0685234765964325	0.0537990307943387	0.0621839052799976	0.0631600643762133	0.0458465189005088	0.0681653472623139	0.0675866176759956	0.151616850830238	0.0608433943542868	0.0838656522371251	0.0415619916536591
GB116	0.103217423519275	0.0670198810032823	0.169697287219642	0.0754256214231554	0.00424488280156646	0.0625109083649486	0.153687537920595	0.0582882194318856	0.408095537863597	0.0806272868443318	0.0084562544579232	0.0756380314835244	0.0563614958840789	0.0275719432028556	0.106771966296653	0.0327853110402521	0.157255695248493	0.0339590624877901	0.00764078910302634	0.00424488280156646	0.358938779192741	0.0126650996054664	0.10354073938321	0.11065690279609	0.659471558802056	0.0400562161448026	0.0455758937756823	0.096340503092065	0.00679181252766137	0.0877422583148335	0.0497137725052207	0.119631069326642	0.00424488280156646	0.0144326016306877	0.00424488280156646	0.0392333476644273	0	0.00424488280156646	0.0803492385517768	0.0798037969554314	0.00424488280156646	0.0954447779804468	0.00424488280156646	0.0568814299473859	0.157734653940707	0.00424488280156646	0.0508462779901244	0.013583624904806	0.00424488280156646	0.00679181245240298	0.00764078902776795	0.0413264733191625	0.150567675630252	0.0280162266107521	0.0798037969554314	0.0387977242770821	0.00848976560313292	0.329904855501772	0.0712179695867529	0.15055887773633	0.0842722898179835	0.0553844873276022	0.0258203787785588	0.033065386944347	0.040584621574692	0.018225420868457	0.0403611368189255	0.0418594718788459	0.129691072598551	0.0314465935407865	0.0523779479542164	0.0228963316691042
GB139	0.0994775050359103	0.0630516846372624	0.166228126734495	0.071482596147542	0	0.0583655812937503	0.149975270183399	0.0544060920600337	0.405804011105287	0.0766041208660663	0.00422932467225826	0.0716889150760541	0.0522069834699534	0.0267226553258646	0.102782004357626	0.0304083973169327	0.153679751988613	0.0297141796862236	0.00339590630145988	0	0.35615425609579	0.0084404857133073	0.0997750419521272	0.106875477264626	0.658032010902058	0.0408843352901514	0.0415461371944408	0.0926886100434895	0.00254692972609491	0.0839131055681994	0.0455999127165838	0.115628028382557	0	0.0101877188291213	0	0.0350713731551712	0.00424488280156646	0	0.0764085443671605	0.0840486797569978	0	0.094561510879283	0	0.0611263127489523	0.154199924583387	0	0.0483974935016548	0.0110366952539694	0	0.00254692965083652	0.00339590622620149	0.0371085645920633	0.147046349641651	0.0271672501106455	0.0840486797569978	0.0347193713779702	0.00424488280156646	0.32687067037279	0.0671660193439686	0.148200929729324	0.0801481817557354	0.0561980281890643	0.0216363103251265	0.0288205041427805	0.0365227343646264	0.0174120118220647	0.0411118674797542	0.0397456061339589	0.125788269056515	0.0288459444888914	0.0518862788725381	0.0186841650818936
GB144	0.138861784937255	0.131410953410045	0.218481578760677	0.133146916788937	0.0764085443671605	0.117976759626257	0.206792907262541	0.113494019183998	0.419885579684768	0.136237817449552	0.0800222365392579	0.132454778641613	0.09941888196074	0.100207976705272	0.166360158548512	0.102924732359672	0.18267732572676	0.103709395090588	0.0795474357037532	0.0764085443671605	0.383339153395759	0.0706649249927564	0.142566200195238	0.16925801912492	0.648196422692501	0.113970370944401	0.10378759632809	0.125449011704386	0.0787015188711159	0.148436268340006	0.115612015335096	0.176226766798833	0.0764085443671605	0.0856620350833794	0.0764085443671605	0.0924425354660159	0.0803492385517768	0.0764085443671605	0	0.154035185021583	0.0764085443671605	0.160848361694	0.0764085443671605	0.132720167494633	0.21017708241789	0.0764085443671605	0.119799829944216	0.086426359290878	0.0764085443671605	0.078718728207127	0.0795946092429486	0.10948112618291	0.204211062102607	0.101515222115047	0.154035185021583	0.100181697971291	0.0802945515159706	0.341375577630419	0.113520711641571	0.189829412076359	0.126657988104706	0.119531026392272	0.0953319123899094	0.101793887808618	0.103411057869894	0.0921380622594646	0.11160221507754	0.109239063159835	0.181257297583583	0.101945307425628	0.122423207782435	0.0924264340087621
GB145	0.169803292688095	0.141800954260609	0.234678953434482	0.122849561029462	0.0840486797569978	0.136018915572251	0.221418725571247	0.133882013685776	0.455745401707563	0.154214327233006	0.0879225377934148	0.128795102803093	0.131867735825404	0.0888784729188891	0.146589170755687	0.0944999667129131	0.224811851677268	0.0543345000707742	0.0806527734555379	0.0840486797569978	0.41026863756806	0.0917797552214728	0.175437760473502	0.181941412088245	0.686773962444729	0.0486502682018762	0.112931212993583	0.16894693484511	0.0815017500309029	0.160232148236699	0.125815977126059	0.188049450516701	0.0840486797569978	0.0738609609278766	0.0840486797569978	0.109085189630136	0.0798037969554314	0.0840486797569978	0.154035185021583	0	0.0840486797569978	0.0912571535869078	0.0840486797569978	0.0229223670080455	0.22528830328674	0.0840486797569978	0.071447495709766	0.0730119845030284	0.0840486797569978	0.0815017501061613	0.0806527735307963	0.0842677052992871	0.218735972212421	0.0568814296463523	0	0.112834950231693	0.0798037969554314	0.382640972281947	0.132390706828146	0.169457226916395	0.152541500600902	0.0491716830680768	0.092636345537624	0.101171143428244	0.113611386693788	0.087825706360316	0.0577944058059442	0.109535814121817	0.194904161692418	0.0866904483750613	0.0831411212231174	0.101162467189509
GB156	0.0994775050359103	0.0630516846372624	0.166228126734495	0.071482596147542	0	0.0583655812937503	0.149975270183399	0.0544060920600337	0.405804011105287	0.0766041208660663	0.00422932467225826	0.0716889150760541	0.0522069834699534	0.0267226553258646	0.102782004357626	0.0304083973169327	0.153679751988613	0.0297141796862236	0.00339590630145988	0	0.35615425609579	0.0084404857133073	0.0997750419521272	0.106875477264626	0.658032010902058	0.0408843352901514	0.0415461371944408	0.0926886100434895	0.00254692972609491	0.0839131055681994	0.0455999127165838	0.115628028382557	0	0.0101877188291213	0	0.0350713731551712	0.00424488280156646	0	0.0764085443671605	0.0840486797569978	0	0.094561510879283	0	0.0611263127489523	0.154199924583387	0	0.0483974935016548	0.0110366952539694	0	0.00254692965083652	0.00339590622620149	0.0371085645920633	0.147046349641651	0.0271672501106455	0.0840486797569978	0.0347193713779702	0.00424488280156646	0.32687067037279	0.0671660193439686	0.148200929729324	0.0801481817557354	0.0561980281890643	0.0216363103251265	0.0288205041427805	0.0365227343646264	0.0174120118220647	0.0411118674797542	0.0397456061339589	0.125788269056515	0.0288459444888914	0.0518862788725381	0.0186841650818936
GB160	0.176105927474277	0.147793196198164	0.239204254753963	0.142374265600335	0.094561510879283	0.143852814524011	0.226370763710954	0.141902035158692	0.45193508718953	0.161466741275908	0.0982093732154956	0.147477500695698	0.139843912663484	0.109137057651286	0.170410883133159	0.110093583080052	0.2275683482488	0.0919647406259872	0.0961792015404713	0.094561510879283	0.369465251011078	0.101787634306785	0.180693272651747	0.187689587266909	0.6787388041766	0.0933955129273612	0.126205993383521	0.175076744227548	0.0970918633833979	0.166113874809158	0.133857447164829	0.192354826952773	0.094561510879283	0.0903270284861627	0.094561510879283	0.123052338232296	0.0954447779804468	0.094561510879283	0.160848361694	0.0912571535869078	0.094561510879283	0	0.094561510879283	0.0991886434229937	0.229531966394397	0.094561510879283	0.105019287610746	0.09207675645523	0.094561510879283	0.0952669189245713	0.0961626242996767	0.110408972398225	0.222236095466698	0.0909664731924281	0.0912571535869078	0.123127458052653	0.09396824451408	0.379387304638371	0.144269162732543	0.203223140251757	0.163831343535673	0.103440868771738	0.107458783765182	0.11361590547092	0.124240062792193	0.103602511262653	0.0991915019059723	0.122000812454093	0.202801582695107	0.105327927347536	0.115769057148936	0.110907219143377
GB162	0.0994775050359103	0.0630516846372624	0.166228126734495	0.071482596147542	0	0.0583655812937503	0.149975270183399	0.0544060920600337	0.405804011105287	0.0766041208660663	0.00422932467225826	0.0716889150760541	0.0522069834699534	0.0267226553258646	0.102782004357626	0.0304083973169327	0.153679751988613	0.0297141796862236	0.00339590630145988	0	0.35615425609579	0.0084404857133073	0.0997750419521272	0.106875477264626	0.658032010902058	0.0408843352901514	0.0415461371944408	0.0926886100434895	0.00254692972609491	0.0839131055681994	0.0455999127165838	0.115628028382557	0	0.0101877188291213	0	0.0350713731551712	0.00424488280156646	0	0.0764085443671605	0.0840486797569978	0	0.094561510879283	0	0.0611263127489523	0.154199924583387	0	0.0483974935016548	0.0110366952539694	0	0.00254692965083652	0.00339590622620149	0.0371085645920633	0.147046349641651	0.0271672501106455	0.0840486797569978	0.0347193713779702	0.00424488280156646	0.32687067037279	0.0671660193439686	0.148200929729324	0.0801481817557354	0.0561980281890643	0.0216363103251265	0.0288205041427805	0.0365227343646264	0.0174120118220647	0.0411118674797542	0.0397456061339589	0.125788269056515	0.0288459444888914	0.0518862788725381	0.0186841650818936
GB166	0.150838584427809	0.120816634610446	0.215998775861932	0.114227699981344	0.0611263127489523	0.114286237518595	0.202047125784436	0.11220475116914	0.441838806927806	0.132906018972698	0.0650971164889257	0.108900460715622	0.110296652793433	0.0734078034692717	0.134622863926596	0.076675965102634	0.205354670683543	0.0466937111182646	0.0577304064474925	0.0611263127489523	0.395356201463275	0.0689992702594309	0.155081994605787	0.161270735540775	0.678942553322725	0.0478000315376604	0.0924154855310917	0.148261225453079	0.0602773361735874	0.139435987091727	0.103974470887521	0.168573873286897	0.0611263127489523	0.0560324533720209	0.0611263127489523	0.0875380580322911	0.0568814299473859	0.0611263127489523	0.132720167494633	0.0229223670080455	0.0611263127489523	0.0991886434229937	0.0611263127489523	0	0.205561626890693	0.0611263127489523	0.06424835834163	0.0568814297968691	0.0611263127489523	0.060277336098329	0.061126312673694	0.0685710535123025	0.199025131912545	0.0526365468447859	0.0229223670080455	0.0906354009051516	0.058579382947599	0.368017113720528	0.115267595276237	0.167100844321528	0.131160437289362	0.0498280354182829	0.071525940539861	0.083597795906091	0.0929974603908833	0.0676199671897021	0.0567898646072306	0.0873596268621358	0.176217923806322	0.0707699958648947	0.0786692913283001	0.0785672620239884
GB167	0.224699571474709	0.153406333178282	0.1373070458684	0.206039246453932	0.154199924583387	0.195683790257934	0.080268453467976	0.193832463048624	0.434068797814726	0.210825160823085	0.157263036859645	0.205389142224584	0.189862759708606	0.175610779958655	0.218137585379259	0.170166567043223	0.25350992088065	0.179475645148995	0.156885677365342	0.154199924583387	0.370445880474466	0.160401442906622	0.226734439814181	0.214576407965988	0.641769304420009	0.188554415121825	0.185311828862236	0.222185113721273	0.156214239169853	0.204869116835221	0.18726207537934	0.144739809850551	0.154199924583387	0.162612259689004	0.154199924583387	0.180530705856103	0.157734653940707	0.154199924583387	0.21017708241789	0.22528830328674	0.154199924583387	0.229531966394397	0.154199924583387	0.205561626890693	0	0.154199924583387	0.192825800259457	0.163106159429358	0.154199924583387	0.156391777549729	0.157240754049836	0.183402077054539	0.263156704529367	0.177816407171765	0.22528830328674	0.178914583034136	0.157734653940707	0.361708673714387	0.204922210632099	0.241972934379421	0.212635094262283	0.200294775173369	0.169762953739576	0.160821569537876	0.178259923922444	0.166977054279561	0.188282680180338	0.18408379418719	0.193099692614392	0.177313673300575	0.175609127752426	0.167707251215523
GB170	0.0994775050359103	0.0630516846372624	0.166228126734495	0.071482596147542	0	0.0583655812937503	0.149975270183399	0.0544060920600337	0.405804011105287	0.0766041208660663	0.00422932467225826	0.0716889150760541	0.0522069834699534	0.0267226553258646	0.102782004357626	0.0304083973169327	0.153679751988613	0.0297141796862236	0.00339590630145988	0	0.35615425609579	0.0084404857133073	0.0997750419521272	0.106875477264626	0.658032010902058	0.0408843352901514	0.0415461371944408	0.0926886100434895	0.00254692972609491	0.0839131055681994	0.0455999127165838	0.115628028382557	0	0.0101877188291213	0	0.0350713731551712	0.00424488280156646	0	0.0764085443671605	0.0840486797569978	0	0.094561510879283	0	0.0611263127489523	0.154199924583387	0	0.0483974935016548	0.0110366952539694	0	0.00254692965083652	0.00339590622620149	0.0371085645920633	0.147046349641651	0.0271672501106455	0.0840486797569978	0.0347193713779702	0.00424488280156646	0.32687067037279	0.0671660193439686	0.148200929729324	0.0801481817557354	0.0561980281890643	0.0216363103251265	0.0288205041427805	0.0365227343646264	0.0174120118220647	0.0411118674797542	0.0397456061339589	0.125788269056515	0.0288459444888914	0.0518862788725381	0.0186841650818936
GB173	0.138774210568329	0.107135776825475	0.202717206055167	0.0990786329288073	0.0483974935016548	0.101611437351264	0.188817583476052	0.0992778055558	0.430385506514347	0.120004656790483	0.0523457110605457	0.110816663074674	0.0973256474003346	0.0684039625009955	0.131609831090001	0.0706462937059125	0.192357640751082	0.0521516522975883	0.0500218379264227	0.0483974935016548	0.383137220084065	0.0562890832208925	0.141739461759124	0.148487578381342	0.670449155749697	0.054656866881432	0.080976921952132	0.135197420576305	0.0508708145582315	0.126839911941477	0.0910041206563362	0.15574070071858	0.0483974935016548	0.0482502761249891	0.0483974935016548	0.0788949524626286	0.0508462779901244	0.0483974935016548	0.119799829944216	0.071447495709766	0.0483974935016548	0.105019287610746	0.0483974935016548	0.06424835834163	0.192825800259457	0.0483974935016548	0	0.0574418012090404	0.0483974935016548	0.0491973975993166	0.0500218377570913	0.0672791106115705	0.185996381622372	0.0463314967399294	0.071447495709766	0.0808747745109628	0.0491728615580183	0.355239436481938	0.105086767481584	0.172134308200894	0.121652177751365	0.0645600419228125	0.0655347116554927	0.0724138703121982	0.0810459220800737	0.0607286037482095	0.0716073478224	0.081841421003143	0.1646647455754	0.0676115775913602	0.082186783993184	0.0658945713681404
GB177	0.10938446129398	0.0736421922767403	0.175363892896308	0.0797783157252001	0.0110366952539694	0.0687228654784085	0.159414120093741	0.0647174443372271	0.412393503568389	0.0868632287501988	0.0152193426831879	0.0789847631346096	0.0627263117995527	0.0359419036346177	0.112248323603787	0.0326980499155594	0.162851889326115	0.0322611091865434	0.0144326015554293	0.0110366952539694	0.363110632306398	0.0194366432801642	0.109723499044776	0.116886820305477	0.661783498344999	0.0468480284655034	0.0522573515020236	0.102915558531278	0.0118856718293344	0.0935557817268853	0.0561175647031779	0.125200252942365	0.0110366952539694	0.0178285077816308	0.0110366952539694	0.0457831749861891	0.013583624904806	0.0110366952539694	0.086426359290878	0.0730119845030284	0.0110366952539694	0.09207675645523	0.0110366952539694	0.0568814297968691	0.163106159429358	0.0110366952539694	0.0574418012090404	0	0.0110366952539694	0.0101877187538629	0.0144326014801709	0.0460387301478806	0.156474570282782	0.0280162267612688	0.0730119845030284	0.043908504769206	0.013583624904806	0.334539295446993	0.07700489506577	0.150715545948708	0.090518326056425	0.0554708045991984	0.0323836952447891	0.0396061671352146	0.0463413152693197	0.028306437486952	0.0405268048622993	0.0504856343672733	0.13393143901244	0.0330917825075713	0.0562070234857424	0.0294918470611476
GB188	0.0994775050359103	0.0630516846372624	0.166228126734495	0.071482596147542	0	0.0583655812937503	0.149975270183399	0.0544060920600337	0.405804011105287	0.0766041208660663	0.00422932467225826	0.0716889150760541	0.0522069834699534	0.0267226553258646	0.102782004357626	0.0304083973169327	0.153679751988613	0.0297141796862236	0.00339590630145988	0	0.35615425609579	0.0084404857133073	0.0997750419521272	0.106875477264626	0.658032010902058	0.0408843352901514	0.0415461371944408	0.0926886100434895	0.00254692972609491	0.0839131055681994	0.0455999127165838	0.115628028382557	0	0.0101877188291213	0	0.0350713731551712	0.00424488280156646	0	0.0764085443671605	0.0840486797569978	0	0.094561510879283	0	0.0611263127489523	0.154199924583387	0	0.0483974935016548	0.0110366952539694	0	0.00254692965083652	0.00339590622620149	0.0371085645920633	0.147046349641651	0.0271672501106455	0.0840486797569978	0.0347193713779702	0.00424488280156646	0.32687067037279	0.0671660193439686	0.148200929729324	0.0801481817557354	0.0561980281890643	0.0216363103251265	0.0288205041427805	0.0365227343646264	0.0174120118220647	0.0411118674797542	0.0397456061339589	0.125788269056515	0.0288459444888914	0.0518862788725381	0.0186841650818936
GB190	0.101769124437298	0.065535051164904	0.168408494367443	0.0739430420175947	0.00254692965083652	0.0607586018552985	0.151989584769865	0.056762139755066	0.407437732273882	0.0789379252666476	0.00676548258975299	0.0724465822650477	0.0545474320951134	0.0287763289730958	0.105105711730442	0.0328703189287523	0.155866682755225	0.0305631561863302	0.0059428359522964	0.00254692965083652	0.357873467182872	0.0109468776582166	0.102021445134523	0.109355855168718	0.658931464859934	0.0434312649409879	0.0440151183442636	0.0950486907791911	0.00509385937693143	0.0863735514382521	0.0480501867002911	0.117838109909284	0.00254692965083652	0.0127346484799578	0.00254692965083652	0.0374741225569236	0.00679181245240298	0.00254692965083652	0.078718728207127	0.0815017501061613	0.00254692965083652	0.0952669189245713	0.00254692965083652	0.060277336098329	0.156391777549729	0.00254692965083652	0.0491973975993166	0.0101877187538629	0.00254692965083652	0	0.00594283587703801	0.0394608165925734	0.149184733553968	0.0263182736105389	0.0815017501061613	0.0354732749513303	0.00679181245240298	0.328478349730222	0.0696926801418415	0.149131849972588	0.0824797699848811	0.0553667696211675	0.024076372385025	0.031367433793617	0.0389712663800126	0.0199233742449621	0.0419608441303776	0.0422861582853577	0.124821460664724	0.0312873455460625	0.0512078022113954	0.0211983785936327
GB192	0.102675048678798	0.0661920924868548	0.169170510550641	0.0730966085737402	0.00339590622620149	0.0616808349285463	0.15283856134523	0.0575624950832189	0.407732117206159	0.0796970076896627	0.00761086848856072	0.0749475407799838	0.055369885788873	0.0266201816677972	0.104291071367422	0.0338043035431342	0.156535712456462	0.0314121327616952	0.00509385937693143	0.00339590622620149	0.358220284936404	0.0117755852677304	0.102850152950997	0.110046550593894	0.659172093025362	0.0391863822146799	0.0447269172755757	0.0957057724208242	0.0059428359522964	0.0870945691460311	0.0488667569000914	0.118509547878997	0.00339590622620149	0.0135836250553227	0.00339590622620149	0.0383379960790126	0.00764078902776795	0.00339590622620149	0.0795946092429486	0.0806527735307963	0.00339590622620149	0.0961626242996767	0.00339590622620149	0.061126312673694	0.157240754049836	0.00339590622620149	0.0500218377570913	0.0144326014801709	0.00339590622620149	0.00594283587703801	0	0.0403659316840881	0.14978831095828	0.0271672501859039	0.0806527735307963	0.0380986959419467	0.00764078902776795	0.32886167292041	0.0705416567172065	0.148587153603633	0.083042979917743	0.0545686740014288	0.0232810688891796	0.0321327329735563	0.0398321566595273	0.019109965048053	0.0411118675550126	0.0414257086719377	0.128694799248919	0.0321890864182602	0.0501883256465498	0.022080071308095
GB98	0.127900277778859	0.0968260997812254	0.193869692292022	0.100112431593046	0.0371085645920633	0.0924971157287509	0.179074984593933	0.0885607157730573	0.423427664270305	0.109434230662087	0.0355286318987763	0.0968091165590467	0.0870017704469416	0.0580633780244075	0.122260460366424	0.0627714993907502	0.180433512110301	0.0508937222045828	0.037054472605755	0.0371085645920633	0.375873348929665	0.0451127499697314	0.131854136130833	0.138446197040718	0.658962743450897	0.0587888132411392	0.0751737942251396	0.124980851099369	0.0362598955838506	0.11622323219011	0.0799814232695712	0.14646358952595	0.0371085645920633	0.0437374433977755	0.0371085645920633	0.0677432340635645	0.0413264733191625	0.0371085645920633	0.10948112618291	0.0842677052992871	0.0371085645920633	0.110408972398225	0.0371085645920633	0.0685710535123025	0.183402077054539	0.0371085645920633	0.0672791106115705	0.0460387301478806	0.0371085645920633	0.0394608165925734	0.0403659316840881	0	0.17653575675054	0.0499912308740815	0.0842677052992871	0.0699380995898663	0.0395229310435035	0.347500812299926	0.0946161142275221	0.173352316237826	0.11122651836539	0.0703896996097036	0.0559500102033907	0.0599414555179833	0.071808561790193	0.0510157025026735	0.0656911532681711	0.0722900514829676	0.155848456080311	0.0582667365519729	0.0772878159423475	0.0548063869755281
GCDF195	0.213906245550724	0.194258551179159	0.270654604666763	0.192302754957869	0.147046349641651	0.190816948735955	0.26055787052169	0.182841768845765	0.437950596062824	0.135607182038854	0.150137336002757	0.19804901087826	0.175307004703115	0.160834299682668	0.218129875533509	0.17042743106081	0.261980992676032	0.172449795811465	0.150023162440218	0.147046349641651	0.415448902833341	0.153122864663601	0.220978342372962	0.205471128150068	0.648656030495962	0.181186512789943	0.17739548714775	0.208231716294481	0.149382041560279	0.178232373933148	0.156564293137629	0.166203448341952	0.147046349641651	0.155638267370788	0.147046349641651	0.159477821541856	0.150567675630252	0.147046349641651	0.204211062102607	0.218735972212421	0.147046349641651	0.222236095466698	0.147046349641651	0.199025131912545	0.263156704529367	0.147046349641651	0.185996381622372	0.156474570282782	0.147046349641651	0.149184733553968	0.14978831095828	0.17653575675054	0	0.170210619692249	0.218735972212421	0.172725675232483	0.150759510620676	0.397372330529521	0.18958824993384	0.256638225958203	0.20357430575773	0.193607510566109	0.161486293405595	0.168798354614263	0.16471837773317	0.148321884305621	0.181797234247429	0.174561847716269	0.24172514150239	0.1694703906624	0.18781660429456	0.142381191159589
GCDF198	0.121513468515325	0.0883456956820958	0.186601258249897	0.0912525722700538	0.0271672501106455	0.0827193329806882	0.173414214391901	0.0797477481943188	0.421849194951732	0.101691451958484	0.0312816761387042	0.0913511180892737	0.0779185641858012	0.0467972666627229	0.114744694555423	0.0470456436577469	0.176631729109119	0.0314121326864368	0.0288652032613754	0.0271672501106455	0.373516609271367	0.0354050471814293	0.124432736970108	0.131345445534798	0.667402557050339	0.0393077455122363	0.0643805323375596	0.117503534419218	0.0280162266860105	0.109086153257375	0.071332085689511	0.140076511135005	0.0271672501106455	0.0322611094875769	0.0271672501106455	0.060558445939813	0.0280162266107521	0.0271672501106455	0.101515222115047	0.0568814296463523	0.0271672501106455	0.0909664731924281	0.0271672501106455	0.0526365468447859	0.177816407171765	0.0271672501106455	0.0463314967399294	0.0280162267612688	0.0271672501106455	0.0263182736105389	0.0271672501859039	0.0499912308740815	0.170210619692249	0	0.0568814296463523	0.0593993878274253	0.0280162267612688	0.344417623498223	0.0876151215698984	0.149828470979977	0.101926341389466	0.0562225634401495	0.0483926215557137	0.0486081356954093	0.0627108820986868	0.0374480528060836	0.0466684451646576	0.063429578894166	0.148211253750505	0.0473660911348733	0.0606788536063348	0.0454261047445764
GCDF205	0.169803292688095	0.141800954260609	0.234678953434482	0.122849561029462	0.0840486797569978	0.136018915572251	0.221418725571247	0.133882013685776	0.455745401707563	0.154214327233006	0.0879225377934148	0.128795102803093	0.131867735825404	0.0888784729188891	0.146589170755687	0.0944999667129131	0.224811851677268	0.0543345000707742	0.0806527734555379	0.0840486797569978	0.41026863756806	0.0917797552214728	0.175437760473502	0.181941412088245	0.686773962444729	0.0486502682018762	0.112931212993583	0.16894693484511	0.0815017500309029	0.160232148236699	0.125815977126059	0.188049450516701	0.0840486797569978	0.0738609609278766	0.0840486797569978	0.109085189630136	0.0798037969554314	0.0840486797569978	0.154035185021583	0	0.0840486797569978	0.0912571535869078	0.0840486797569978	0.0229223670080455	0.22528830328674	0.0840486797569978	0.071447495709766	0.0730119845030284	0.0840486797569978	0.0815017501061613	0.0806527735307963	0.0842677052992871	0.218735972212421	0.0568814296463523	0	0.112834950231693	0.0798037969554314	0.382640972281947	0.132390706828146	0.169457226916395	0.152541500600902	0.0491716830680768	0.092636345537624	0.101171143428244	0.113611386693788	0.087825706360316	0.0577944058059442	0.109535814121817	0.194904161692418	0.0866904483750613	0.0831411212231174	0.101162467189509
GCDF212	0.126738722502553	0.0942276575310965	0.190787180674949	0.0965885254507414	0.0347193713779702	0.0831181880350065	0.176032341188855	0.0841999864299791	0.404595723808414	0.105130706791474	0.0386709579492383	0.0992111339318481	0.0780325264604104	0.0599604402903957	0.132365653037348	0.0633595898897961	0.167772115706795	0.0619093978946859	0.0380321315141639	0.0347193713779702	0.362814139537137	0.0401117034783267	0.123521330945119	0.135010382499207	0.656710129193585	0.0725966340325999	0.0733669564654731	0.118316229620967	0.0371350504156917	0.113539933179966	0.0772736602359348	0.143508926560782	0.0347193713779702	0.0446095474327754	0.0347193713779702	0.0525952542031353	0.0387977242770821	0.0347193713779702	0.100181697971291	0.112834950231693	0.0347193713779702	0.123127458052653	0.0347193713779702	0.0906354009051516	0.178914583034136	0.0347193713779702	0.0808747745109628	0.043908504769206	0.0347193713779702	0.0354732749513303	0.0380986959419467	0.0699380995898663	0.172725675232483	0.0593993878274253	0.112834950231693	0	0.0388976898646415	0.338981919667938	0.0966421111552703	0.168556999339901	0.109046095022649	0.0798559732396494	0.0532190915799201	0.0620625279467515	0.0676510592715608	0.0510936155538968	0.071303523173838	0.0712669034385019	0.149987798560448	0.0592381066520407	0.08435385730682	0.0522781005975875
GCDF216	0.10359405546193	0.067019881341945	0.167932089342914	0.0751612510419253	0.00424488280156646	0.0623499036512592	0.153509999465461	0.0584523105485873	0.408276979820897	0.080650107558779	0.00845625468369837	0.0749865071283597	0.0562948025010451	0.0308193419354432	0.106585489026261	0.0328703190040107	0.157301533703852	0.0322611094875769	0.00764078910302634	0.00424488280156646	0.359030408389641	0.0126650996619102	0.103597531245664	0.110648760440374	0.659492582985849	0.0400353586395281	0.0440151183442636	0.0965783122099108	0.00679181252766137	0.0877746225833291	0.0496430763918342	0.119691529960343	0.00424488280156646	0.0127346484799578	0.00424488280156646	0.0392333475703543	0.00848976560313292	0.00424488280156646	0.0802945515159706	0.0798037969554314	0.00424488280156646	0.09396824451408	0.00424488280156646	0.058579382947599	0.157734653940707	0.00424488280156646	0.0491728615580183	0.013583624904806	0.00424488280156646	0.00679181245240298	0.00764078902776795	0.0395229310435035	0.150759510620676	0.0280162267612688	0.0798037969554314	0.0388976898646415	0	0.329824857790061	0.0710975292580898	0.149123094185735	0.0841142519781686	0.05375399718983	0.0241300454645446	0.0312837565487081	0.0406441746298412	0.0215857597538317	0.0453401686002811	0.043289122453919	0.129669034853578	0.0330380630312544	0.0527352555231615	0.0228636151913441
GCDF220	0.354608143519874	0.351800612879522	0.365444936460317	0.356516385319257	0.32687067037279	0.35157623796752	0.356998531956865	0.344146351395833	0.498343400280885	0.347419117737298	0.328834186900746	0.357524824112353	0.335056446643189	0.341211256505263	0.36722433386427	0.340665362248517	0.31962462556031	0.346732590385158	0.329202106504729	0.32687067037279	0.487756994336542	0.323708014355765	0.36342923885042	0.344747504652149	0.647433917329769	0.353981622090243	0.341460307138135	0.35557693604267	0.328498048914803	0.358808453937974	0.348146206652275	0.359413567064989	0.32687067037279	0.334307636124919	0.32687067037279	0.334683425047181	0.329904855501772	0.32687067037279	0.341375577630419	0.382640972281947	0.32687067037279	0.379387304638371	0.32687067037279	0.368017113720528	0.361708673714387	0.32687067037279	0.355239436481938	0.334539295446993	0.32687067037279	0.328478349730222	0.32886167292041	0.347500812299926	0.397372330529521	0.344417623498223	0.382640972281947	0.338981919667938	0.329824857790061	0	0.350511164677264	0.375042882230547	0.348867133259773	0.356435832501662	0.337385029052243	0.330686342535597	0.341417253920526	0.336367836654788	0.346905766111432	0.334346917090994	0.322486233982173	0.342003804264647	0.348846142189671	0.336120018603826
GCDF224	0.141163659112467	0.123213386783997	0.213844805918258	0.123561314730482	0.0671660193439686	0.102290341160213	0.199463466991379	0.107207051605325	0.413210609796071	0.126720526773069	0.0708923434481175	0.116323460439088	0.107540943499918	0.0899981986402035	0.156108062601451	0.0928403041842911	0.194813644268898	0.0835686202038719	0.0689014323582553	0.0671660193439686	0.382999487296499	0.071176040353197	0.148552190343087	0.162531621152102	0.649487010758332	0.0987899278036573	0.0942521641275497	0.11984992646283	0.0693957869603176	0.141631827736744	0.107515309231751	0.165199170547603	0.0671660193439686	0.076968000166946	0.0671660193439686	0.0936366388141507	0.0712179695867529	0.0671660193439686	0.113520711641571	0.132390706828146	0.0671660193439686	0.144269162732543	0.0671660193439686	0.115267595276237	0.204922210632099	0.0671660193439686	0.105086767481584	0.07700489506577	0.0671660193439686	0.0696926801418415	0.0705416567172065	0.0946161142275221	0.18958824993384	0.0876151215698984	0.132390706828146	0.0966421111552703	0.0710975292580898	0.350511164677264	0	0.172319412720625	0.113467007894257	0.108735683007222	0.0867107968137722	0.0934293914511047	0.096328141957973	0.0815219724682545	0.0960652575912801	0.100930126007609	0.17704507685972	0.0914087872952223	0.105208025737242	0.0831669628657777
GCDF227	0.210354118401549	0.18919768767676	0.25048616483356	0.191599238438137	0.148200929729324	0.178753904941859	0.241318982357931	0.183659932660786	0.433556477830868	0.203576949885999	0.151403053230935	0.19265777206594	0.174755833948953	0.162549426308786	0.208925410225574	0.162907544975028	0.254211232066154	0.15557560414979	0.148195649073883	0.148200929729324	0.392966969446702	0.15190312582435	0.218019828877666	0.22458038046354	0.645916331296015	0.154206934940032	0.171415841639644	0.190631299194964	0.1500489355413	0.205685759320705	0.180242414426322	0.222852520757552	0.148200929729324	0.149645599941112	0.148200929729324	0.168806661785853	0.15055887773633	0.148200929729324	0.189829412076359	0.169457226916395	0.148200929729324	0.203223140251757	0.148200929729324	0.167100844321528	0.241972934379421	0.148200929729324	0.172134308200894	0.150715545948708	0.148200929729324	0.149131849972588	0.148587153603633	0.173352316237826	0.256638225958203	0.149828470979977	0.169457226916395	0.168556999339901	0.149123094185735	0.375042882230547	0.172319412720625	0	0.186262011264611	0.16284164705436	0.160193051653679	0.162645885777293	0.173212413365642	0.155789644466807	0.157332978916891	0.17165993324321	0.228098939050629	0.150702763320596	0.173340822071439	0.159650501578745
GCDF228	0.137919845577828	0.134138778585828	0.220288287820012	0.140741817822511	0.0801481817557354	0.115463479337367	0.210522310262678	0.103478856497642	0.409193234461727	0.141043004175328	0.0837603977109973	0.133623667672803	0.119492440249282	0.100898625573727	0.165572295082978	0.104945739336086	0.208669791618983	0.105357087019718	0.0832487015862658	0.0801481817557354	0.381253663939659	0.0842722288775023	0.1623852723137	0.172713870709442	0.646974274004349	0.116127568268866	0.0958543660664799	0.117096843856453	0.0823722421520888	0.152179839108327	0.11888610445565	0.179111723985636	0.0801481817557354	0.0881421873440044	0.0801481817557354	0.107237048390688	0.0842722898179835	0.0801481817557354	0.126657988104706	0.152541500600902	0.0801481817557354	0.163831343535673	0.0801481817557354	0.131160437289362	0.212635094262283	0.0801481817557354	0.121652177751365	0.090518326056425	0.0801481817557354	0.0824797699848811	0.083042979917743	0.11122651836539	0.20357430575773	0.101926341389466	0.152541500600902	0.109046095022649	0.0841142519781686	0.348867133259773	0.113467007894257	0.186262011264611	0	0.126495793010249	0.0956117489723244	0.103377035282778	0.109100528080205	0.0954747113465059	0.117159177690293	0.110099614917705	0.186878204296315	0.105667531734916	0.127590644878872	0.0960305283655121
GCDF231	0.144071223233083	0.115570276185419	0.208299873058092	0.103249279274182	0.0561980281890643	0.11070129623392	0.196272270866867	0.104969079634457	0.435986756676375	0.12653018720448	0.060146920161905	0.112263196336124	0.0975797799500552	0.0726500200013621	0.133312821407059	0.0751842418027045	0.185305804842048	0.0554587671514412	0.0545520924332768	0.0561980281890643	0.386253681748804	0.0598622649494145	0.143821378831159	0.155753233460615	0.672873248355557	0.0548989036581432	0.0874018719551539	0.138617995110425	0.0587117945718946	0.135258493700413	0.0988978559546398	0.163210849945593	0.0561980281890643	0.0546384092156935	0.0561980281890643	0.0685234765964325	0.0553844873276022	0.0561980281890643	0.119531026392272	0.0491716830680768	0.0561980281890643	0.103440868771738	0.0561980281890643	0.0498280354182829	0.200294775173369	0.0561980281890643	0.0645600419228125	0.0554708045991984	0.0561980281890643	0.0553667696211675	0.0545686740014288	0.0703896996097036	0.193607510566109	0.0562225634401495	0.0491716830680768	0.0798559732396494	0.05375399718983	0.356435832501662	0.108735683007222	0.16284164705436	0.126495793010249	0	0.0684670147232034	0.0771091667126225	0.0879390858339541	0.0653538017938233	0.0649451001951791	0.0864602787928148	0.169501685208142	0.0759452248010972	0.0742454733887706	0.073744457158627
GCDF237	0.11283281516757	0.0830559836079677	0.180403281379529	0.0858201234215739	0.0216363103251265	0.0768904305731106	0.166720420046888	0.0689890228136621	0.407299060713161	0.0945104579394213	0.0257131900835895	0.0913508028412859	0.0721736970084785	0.045813886072449	0.120248010330316	0.0515148967805535	0.170290704778951	0.0475445761524066	0.0249182079175506	0.0216363103251265	0.359117867970707	0.0296707892545847	0.117755839638788	0.124603650034076	0.659818356687372	0.0536577973439537	0.0612020933944167	0.111086894504049	0.0241224257783456	0.102567045864734	0.0657376526205829	0.132015855023355	0.0216363103251265	0.0283212552618499	0.0216363103251265	0.0537990307943387	0.0258203787785588	0.0216363103251265	0.0953319123899094	0.092636345537624	0.0216363103251265	0.107458783765182	0.0216363103251265	0.071525940539861	0.169762953739576	0.0216363103251265	0.0655347116554927	0.0323836952447891	0.0216363103251265	0.024076372385025	0.0232810688891796	0.0559500102033907	0.161486293405595	0.0483926215557137	0.092636345537624	0.0532190915799201	0.0241300454645446	0.337385029052243	0.0867107968137722	0.160193051653679	0.0956117489723244	0.0684670147232034	0	0.0493795696382571	0.0566864648288248	0.0384160172231872	0.0605182185430418	0.0539341563114313	0.14295997015304	0.0463312971170502	0.0671058550025478	0.0396289711422992
GCDF247	0.120609495245476	0.0834609854477222	0.17541840856876	0.0949763574759768	0.0288205041427805	0.0844089691009786	0.157619860888732	0.0812433004717935	0.411089928463252	0.101712525850444	0.0328378267727341	0.0962539529051594	0.0755065317181024	0.054682676238243	0.121469889706321	0.0541690454790086	0.169775890129985	0.0543856809687133	0.0305184572935104	0.0288205041427805	0.363147850289489	0.0368460774083029	0.123913444352872	0.128443288757946	0.655889756751783	0.0672532910989089	0.0685322787048239	0.116860142504477	0.0313674338688754	0.103518491516812	0.0721617148756379	0.132899227994259	0.0288205041427805	0.0388408681810504	0.0288205041427805	0.0621839052799976	0.033065386944347	0.0288205041427805	0.101793887808618	0.101171143428244	0.0288205041427805	0.11361590547092	0.0288205041427805	0.083597795906091	0.160821569537876	0.0288205041427805	0.0724138703121982	0.0396061671352146	0.0288205041427805	0.031367433793617	0.0321327329735563	0.0599414555179833	0.168798354614263	0.0486081356954093	0.101171143428244	0.0620625279467515	0.0312837565487081	0.330686342535597	0.0934293914511047	0.162645885777293	0.103377035282778	0.0771091667126225	0.0493795696382571	0	0.0630262635949284	0.0455265143001922	0.0672717418596901	0.0669574863700704	0.139659455158945	0.0552669870808269	0.0700558899628996	0.0467935387007516
GCDF256	0.123180589695233	0.0969035425646739	0.186115927796698	0.0989829222624651	0.0365227343646264	0.0908005205782676	0.174753093094838	0.0862213513917393	0.411100652181741	0.101695241876925	0.0404676214998795	0.0980328464165631	0.0778628220461836	0.06216755680119	0.129851296746332	0.0596580112381189	0.167212300002575	0.0628825923935934	0.0399186406660863	0.0365227343646264	0.369525098740452	0.042667182914988	0.128090428677623	0.13711725324016	0.658128084558429	0.0740488176281103	0.0755652852657467	0.120500331161299	0.0388674204886863	0.109278241699242	0.0773236994829142	0.143138830653495	0.0365227343646264	0.045435613886726	0.0365227343646264	0.0631600643762133	0.040584621574692	0.0365227343646264	0.103411057869894	0.113611386693788	0.0365227343646264	0.124240062792193	0.0365227343646264	0.0929974603908833	0.178259923922444	0.0365227343646264	0.0810459220800737	0.0463413152693197	0.0365227343646264	0.0389712663800126	0.0398321566595273	0.071808561790193	0.16471837773317	0.0627108820986868	0.113611386693788	0.0676510592715608	0.0406441746298412	0.341417253920526	0.096328141957973	0.173212413365642	0.109100528080205	0.0879390858339541	0.0566864648288248	0.0630262635949284	0	0.0491102994278525	0.0734844609079036	0.073470970785076	0.152515066869914	0.0637100969413013	0.0828497488089282	0.0487997321167377
GCDF260	0.112561356983305	0.0786549273426786	0.179497921500694	0.0853123069185801	0.0174120118220647	0.0740063064590548	0.163667867355274	0.0707698825445741	0.411319688715116	0.0919858296072543	0.0215235238499714	0.084511664451448	0.0626455877973425	0.0393761756942805	0.113684775665252	0.0469388653232594	0.166986115878881	0.0425693405547527	0.0199315127248716	0.0174120118220647	0.365030244444356	0.025626574539476	0.114805574030286	0.116006880290712	0.657958600858245	0.0485597862626868	0.056965533455815	0.104042543117145	0.0190469686205339	0.086652683225846	0.0522245490885895	0.129644399678165	0.0174120118220647	0.0274574608739578	0.0174120118220647	0.0458465189005088	0.018225420868457	0.0174120118220647	0.0921380622594646	0.087825706360316	0.0174120118220647	0.103602511262653	0.0174120118220647	0.0676199671897021	0.166977054279561	0.0174120118220647	0.0607286037482095	0.028306437486952	0.0174120118220647	0.0199233742449621	0.019109965048053	0.0510157025026735	0.148321884305621	0.0374480528060836	0.087825706360316	0.0510936155538968	0.0215857597538317	0.336367836654788	0.0815219724682545	0.155789644466807	0.0954747113465059	0.0653538017938233	0.0384160172231872	0.0455265143001922	0.0491102994278525	0	0.0513705824586478	0.0524025810929486	0.140320510086086	0.0442112531099055	0.0643683031878688	0.0250246426316373
GCDF267	0.132987389576751	0.101905189247595	0.199202979115224	0.10055652345446	0.0411118674797542	0.0954020515723963	0.18443390943411	0.0924240867936551	0.428090522536124	0.111366248492039	0.0451386376999018	0.100391564721411	0.0891280862681492	0.0584640889287446	0.125756747564395	0.0622738601846827	0.184367714506207	0.049035424479481	0.0411118674797542	0.0411118674797542	0.379952438853004	0.0486245973769462	0.134533262143683	0.143460759008774	0.670201389476506	0.0465057211354224	0.0809084703261503	0.128750389178443	0.0420590897815095	0.119970353019207	0.0846348036870812	0.149380886851989	0.0411118674797542	0.0427955790150045	0.0411118674797542	0.0681653472623139	0.0403611368189255	0.0411118674797542	0.11160221507754	0.0577944058059442	0.0411118674797542	0.0991915019059723	0.0411118674797542	0.0567898646072306	0.188282680180338	0.0411118674797542	0.0716073478224	0.0405268048622993	0.0411118674797542	0.0419608441303776	0.0411118675550126	0.0656911532681711	0.181797234247429	0.0466684451646576	0.0577944058059442	0.071303523173838	0.0453401686002811	0.346905766111432	0.0960652575912801	0.157332978916891	0.117159177690293	0.0649451001951791	0.0605182185430418	0.0672717418596901	0.0734844609079036	0.0513705824586478	0	0.0698290089135895	0.160193452141201	0.0579336604874845	0.0717578645833213	0.0587867495763783
GCDF271	0.123831887329656	0.0986140785277868	0.188636964572725	0.103011129414569	0.0397456061339589	0.0942956138251707	0.181480620658458	0.0803722082355031	0.41473693558664	0.107603793625127	0.0436747601171109	0.105669535865838	0.0859343934653684	0.0604227062201861	0.126976720377276	0.068574723731162	0.181730889160224	0.0662962157570879	0.0412001488165873	0.0397456061339589	0.356869438380906	0.0469249779631318	0.131611361511691	0.139137330276873	0.662568831684613	0.0712291838206125	0.0781966932870523	0.124554182205236	0.0405882049935183	0.117604300309198	0.08224307669496	0.146374156675066	0.0397456061339589	0.047822564675689	0.0397456061339589	0.0675866176759956	0.0418594718788459	0.0397456061339589	0.109239063159835	0.109535814121817	0.0397456061339589	0.122000812454093	0.0397456061339589	0.0873596268621358	0.18408379418719	0.0397456061339589	0.081841421003143	0.0504856343672733	0.0397456061339589	0.0422861582853577	0.0414257086719377	0.0722900514829676	0.174561847716269	0.063429578894166	0.109535814121817	0.0712669034385019	0.043289122453919	0.334346917090994	0.100930126007609	0.17165993324321	0.110099614917705	0.0864602787928148	0.0539341563114313	0.0669574863700704	0.073470970785076	0.0524025810929486	0.0698290089135895	0	0.156900473663376	0.0649172251460829	0.0855822738100107	0.0572162346039532
GCDF275	0.200157594120083	0.162841538475318	0.210203722326292	0.180655749025519	0.125788269056515	0.171530303027895	0.193193315105005	0.168796738120492	0.428038732572035	0.183980437597693	0.129075138053546	0.177434833729734	0.160321857846069	0.146626104026882	0.191600579603792	0.148072609771984	0.232604986037871	0.149486530064182	0.128556299202069	0.125788269056515	0.398756119337949	0.129806749097006	0.199688479059724	0.191465146199922	0.636498896160511	0.159308517596336	0.158369173587422	0.197797122100989	0.128091147940869	0.182263526087156	0.16082832194639	0.188477607688518	0.125788269056515	0.133273113067403	0.125788269056515	0.151616850830238	0.129691072598551	0.125788269056515	0.181257297583583	0.194904161692418	0.125788269056515	0.202801582695107	0.125788269056515	0.176217923806322	0.193099692614392	0.125788269056515	0.1646647455754	0.13393143901244	0.125788269056515	0.124821460664724	0.128694799248919	0.155848456080311	0.24172514150239	0.148211253750505	0.194904161692418	0.149987798560448	0.129669034853578	0.322486233982173	0.17704507685972	0.228098939050629	0.186878204296315	0.169501685208142	0.14295997015304	0.139659455158945	0.152515066869914	0.140320510086086	0.160193452141201	0.156900473663376	0	0.149121357579574	0.15758374105725	0.13971652301273
GCDF278	0.123876644667375	0.0896205872936983	0.188128891598546	0.0949698252735114	0.0288459444888914	0.0842862440593014	0.17252433499453	0.0811746870402736	0.414881461045959	0.101930611795097	0.0328896200434879	0.096268903718076	0.0783004974476015	0.0542479114268314	0.125943407689155	0.0532360724879034	0.176029299621028	0.0513999170501425	0.0322418507903513	0.0288459444888914	0.357943020986788	0.0370245181739029	0.124260000978606	0.131851698977478	0.659805998055622	0.0607533315290706	0.068609569221735	0.11715949471626	0.0296949210642564	0.10790952851977	0.0727921995625953	0.139291129667651	0.0288459444888914	0.0371774173896722	0.0288459444888914	0.0608433943542868	0.0314465935407865	0.0288459444888914	0.101945307425628	0.0866904483750613	0.0288459444888914	0.105327927347536	0.0288459444888914	0.0707699958648947	0.177313673300575	0.0288459444888914	0.0676115775913602	0.0330917825075713	0.0288459444888914	0.0312873455460625	0.0321890864182602	0.0582667365519729	0.1694703906624	0.0473660911348733	0.0866904483750613	0.0592381066520407	0.0330380630312544	0.342003804264647	0.0914087872952223	0.150702763320596	0.105667531734916	0.0759452248010972	0.0463312971170502	0.0552669870808269	0.0637100969413013	0.0442112531099055	0.0579336604874845	0.0649172251460829	0.149121357579574	0	0.0760248414795808	0.0467600015678791
GCDF282	0.137021897616164	0.104040378253117	0.186644967032756	0.10617790610125	0.0518862788725381	0.104862931927647	0.169689572865444	0.10220528361999	0.421802900957339	0.122798773281351	0.0558070797905928	0.113533144092394	0.0959978307587932	0.0718901158978391	0.13291757535942	0.067415056486774	0.184790743797114	0.0646773746820411	0.0518862788725381	0.0518862788725381	0.378572560771547	0.0597670966891026	0.144042555524996	0.151403025808659	0.665494956151404	0.0639114030307592	0.086696394389928	0.137891111048785	0.0527352554479031	0.119333403316712	0.0944969261234457	0.156393989469066	0.0518862788725381	0.0585051236128566	0.0518862788725381	0.0838656522371251	0.0523779479542164	0.0518862788725381	0.122423207782435	0.0831411212231174	0.0518862788725381	0.115769057148936	0.0518862788725381	0.0786692913283001	0.175609127752426	0.0518862788725381	0.082186783993184	0.0562070234857424	0.0518862788725381	0.0512078022113954	0.0501883256465498	0.0772878159423475	0.18781660429456	0.0606788536063348	0.0831411212231174	0.08435385730682	0.0527352555231615	0.348846142189671	0.105208025737242	0.173340822071439	0.127590644878872	0.0742454733887706	0.0671058550025478	0.0700558899628996	0.0828497488089282	0.0643683031878688	0.0717578645833213	0.0855822738100107	0.15758374105725	0.0760248414795808	0	0.0695395401180393
GCDF286	0.112334192242219	0.0797689946537668	0.178901266363083	0.0833354680940057	0.0186841650818936	0.0747140256706813	0.163914000295629	0.0713222775081492	0.408573781300073	0.0927952688300248	0.0227588013783474	0.0846698879725253	0.0553755387099403	0.0446020784091694	0.118327515364408	0.0483463562347672	0.167110151790007	0.0477767369587614	0.0220146390299002	0.0186841650818936	0.364277099720155	0.0267461661362287	0.115226766282711	0.109910191149648	0.654622183905707	0.0587324794532374	0.0590598498932039	0.0995024210124305	0.0211656624545353	0.0787635748509807	0.0378549161785743	0.130388555201617	0.0186841650818936	0.0285774382075878	0.0186841650818936	0.0415619916536591	0.0228963316691042	0.0186841650818936	0.0924264340087621	0.101162467189509	0.0186841650818936	0.110907219143377	0.0186841650818936	0.0785672620239884	0.167707251215523	0.0186841650818936	0.0658945713681404	0.0294918470611476	0.0186841650818936	0.0211983785936327	0.022080071308095	0.0548063869755281	0.142381191159589	0.0454261047445764	0.101162467189509	0.0522781005975875	0.0228636151913441	0.336120018603826	0.0831669628657777	0.159650501578745	0.0960305283655121	0.073744457158627	0.0396289711422992	0.0467935387007516	0.0487997321167377	0.0250246426316373	0.0587867495763783	0.0572162346039532	0.13971652301273	0.0467600015678791	0.0695395401180393	0
